brand,screenSize,energyConsumption,star,screenTech
aiwa,24.0,105.0,4.0,LED
aiwa,24.0,82.0,5.0,LED
aiwa,24.0,91.0,4.5,LCD
aiwa,31.0,145.0,4.5,LED
aiwa,31.0,104.0,6.0,LED
aiwa,32.0,125.0,5.0,LED
aiwa,32.0,116.0,5.5,LED
aiwa,39.0,148.0,6.0,LED
aiwa,39.0,189.0,5.0,LCD
aiwa,40.0,198.0,4.5,LED
aiwa,42.0,210.0,4.5,LED
aiwa,49.0,265.0,5.0,LED
aiwa,50.0,211.0,6.0,LED
aiwa,50.0,276.0,5.0,OLED
aiwa,55.0,320.0,5.0,LCD
aiwa,64.0,404.0,5.5,LCD
aiwa,64.0,499.0,4.5,LED
aiwa,65.0,468.0,4.5,LED
aiwa,70.0,576.0,4.5,LED
akai,24.0,68.0,6.0,LED
akai,24.0,68.0,6.0,LED
akai,24.0,68.0,6.0,LED
akai,24.0,60.0,6.0,LED
akai,24.0,60.0,6.0,LED
akai,24.0,60.0,6.0,LED
akai,31.0,104.0,6.0,LCD
akai,32.0,101.0,6.0,LED
akai,32.0,90.0,6.0,LCD
akai,32.0,98.0,6.0,LED
akai,39.0,150.0,6.0,LCD
akai,39.0,149.0,6.0,LCD
akai,39.0,131.0,6.0,LCD
akai,43.0,172.0,6.0,LCD
akai,49.0,225.0,6.0,LCD
akai,50.0,204.0,6.0,LCD
akai,50.0,202.0,6.0,LED
akai,55.0,272.0,6.0,LCD
akai,55.0,251.0,6.0,LED
akai,55.0,267.0,6.0,LED
akai,55.0,256.0,6.0,LED
akai,58.0,301.0,6.0,LED
akai,65.0,370.0,6.0,LCD
akai,65.0,368.0,6.0,LCD
akai,65.0,362.0,6.0,LED
akai,65.0,367.0,6.0,LED
akai,70.0,372.0,6.0,LCD
akai,74.0,480.0,6.0,LCD
akai,75.0,404.0,6.0,LED
akai,75.0,474.0,6.0,LED
akai,85.0,600.0,6.0,LCD
altius,24.0,66.0,6.0,LCD
altius,32.0,102.0,6.0,LED
altius,32.0,90.0,6.0,LCD
aoa,19.0,58.0,5.0,LED
aoa,32.0,119.0,5.0,LCD
aoa,40.0,176.0,5.0,LCD
aoa,50.0,270.0,5.0,LED
avel innovations,24.0,90.0,4.5,LED
avel innovations,24.0,91.0,4.5,LED
avel innovations,32.0,145.0,4.5,LED
bauhn,24.0,66.0,6.0,LCD
bauhn,24.0,61.0,6.0,LED
bauhn,24.0,68.0,6.0,LCD
bauhn,24.0,67.0,6.0,LED
bauhn,24.0,67.0,6.0,LED
bauhn,31.0,104.0,6.0,LED
bauhn,31.0,104.0,6.0,LED
bauhn,31.0,104.0,6.0,LED
bauhn,31.0,104.0,6.0,LCD
bauhn,32.0,101.0,6.0,LCD
bauhn,32.0,101.0,6.0,LED
bauhn,32.0,101.0,6.0,LED
bauhn,32.0,101.0,6.0,LED
bauhn,32.0,101.0,6.0,LED
bauhn,32.0,99.0,6.0,LED
bauhn,32.0,105.0,6.0,LED
bauhn,39.0,151.0,6.0,LCD
bauhn,39.0,151.0,6.0,LCD
bauhn,39.0,151.0,6.0,LCD
bauhn,39.0,149.0,6.0,LED
bauhn,39.0,149.0,6.0,LED
bauhn,39.0,148.0,6.0,LED
bauhn,39.0,148.0,6.0,LED
bauhn,39.0,148.0,6.0,LED
bauhn,40.0,189.0,5.0,LED
bauhn,40.0,189.0,5.0,LED
bauhn,40.0,189.0,5.0,LED
bauhn,41.0,157.0,6.0,LCD
bauhn,43.0,172.0,6.0,LCD
bauhn,43.0,172.0,6.0,LCD
bauhn,43.0,172.0,6.0,LCD
bauhn,43.0,170.0,6.0,LED
bauhn,43.0,170.0,6.0,LED
bauhn,49.0,220.0,6.0,LCD
bauhn,49.0,225.0,6.0,LCD
bauhn,49.0,225.0,6.0,LCD
bauhn,49.0,220.0,6.0,LED
bauhn,50.0,220.0,6.0,LCD
bauhn,50.0,225.0,6.0,LED
bauhn,50.0,210.0,6.0,LED
bauhn,55.0,305.0,5.5,LCD
bauhn,55.0,272.0,6.0,LED
bauhn,55.0,272.0,6.0,LCD
bauhn,55.0,267.0,6.0,LED
bauhn,55.0,256.0,6.0,LED
bauhn,55.0,256.0,6.0,LED
bauhn,55.0,256.0,6.0,LED
bauhn,57.0,298.0,6.0,LCD
bauhn,57.0,298.0,6.0,LCD
bauhn,57.0,275.0,6.0,LCD
bauhn,58.0,301.0,6.0,LED
bauhn,58.0,298.0,6.0,LCD
bauhn,60.0,296.0,6.0,LCD
bauhn,60.0,296.0,6.0,LCD
bauhn,60.0,299.0,6.0,LCD
bauhn,60.0,320.0,6.0,LCD
bauhn,65.0,360.0,6.0,LED
bauhn,65.0,360.0,6.0,LED
bauhn,65.0,360.0,6.0,LED
bauhn,65.0,371.0,6.0,LCD
bauhn,65.0,345.0,6.0,LCD
bauhn,65.0,367.0,6.0,LED
bauhn,65.0,360.0,6.0,LCD
bauhn,65.0,371.0,6.0,LCD
bauhn,70.0,420.0,6.0,LCD
bauhn,70.0,397.0,6.0,LCD
bauhn,70.0,405.0,6.0,LCD
bauhn,70.0,420.0,6.0,LCD
bauhn,70.0,400.0,6.0,LED
bauhn,70.0,400.0,6.0,LED
bauhn,70.0,405.0,6.0,LCD
bauhn,70.0,395.0,6.0,LCD
bauhn,70.0,395.0,6.0,LCD
bauhn,70.0,395.0,6.0,LCD
bauhn,70.0,395.0,6.0,LCD
bauhn,74.0,480.0,6.0,LCD
bauhn,75.0,393.0,6.0,LED
bauhn,75.0,469.0,6.0,LED
bauhn,75.0,490.0,6.0,LCD
bauhn,75.0,474.0,6.0,LED
bauhn,82.0,651.0,5.5,LED
bauhn,85.0,600.0,6.0,LCD
bauhn,85.0,600.0,6.0,LCD
blaupunkt,24.0,84.0,5.0,LCD
blaupunkt,24.0,78.0,5.0,LCD
blaupunkt,24.0,105.0,4.0,LED
blaupunkt,24.0,93.0,4.5,LED
blaupunkt,24.0,76.0,5.5,LED
blaupunkt,24.0,76.0,5.5,LED
blaupunkt,24.0,76.0,5.5,LED
blaupunkt,24.0,76.0,5.5,LED
blaupunkt,24.0,76.0,5.5,LED
blaupunkt,24.0,94.0,4.5,LCD
blaupunkt,24.0,107.0,4.0,LCD
blaupunkt,31.0,130.0,5.0,LCD
blaupunkt,31.0,130.0,5.0,LCD
blaupunkt,32.0,125.0,5.0,LED
blaupunkt,32.0,133.0,4.5,LED
blaupunkt,32.0,125.0,5.0,LED
blaupunkt,32.0,131.0,5.0,LED
blaupunkt,32.0,118.0,5.5,LCD
blaupunkt,40.0,176.0,5.0,LED
blaupunkt,40.0,186.0,5.0,LCD
blaupunkt,40.0,186.0,5.0,LCD
blaupunkt,40.0,186.0,5.0,LCD
blaupunkt,41.0,230.0,4.5,LED
blaupunkt,42.0,240.0,4.0,LED
blaupunkt,42.0,208.0,5.0,LED
blaupunkt,42.0,199.0,5.0,LCD
blaupunkt,43.0,212.0,5.0,LED
blaupunkt,49.0,315.0,4.5,LED
blaupunkt,49.0,288.0,4.5,LED
blaupunkt,50.0,210.0,6.0,LED
blaupunkt,50.0,330.0,4.0,LED
blaupunkt,50.0,400.0,3.0,LED
blaupunkt,50.0,370.0,3.5,LED
blaupunkt,55.0,330.0,5.0,LED
blaupunkt,55.0,455.0,3.5,LCD
blaupunkt,55.0,332.0,5.0,LED
blaupunkt,55.0,380.0,4.5,LCD
blaupunkt,55.0,349.0,4.5,LCD
blaupunkt,55.0,349.0,4.5,LCD
blaupunkt,57.0,298.0,6.0,LED
blaupunkt,57.0,468.0,4.0,LED
blaupunkt,57.0,468.0,4.0,LED
blaupunkt,58.0,370.0,5.0,LED
blaupunkt,58.0,405.0,4.5,LED
blaupunkt,60.0,405.0,5.0,LED
blaupunkt,65.0,510.0,4.5,LED
blaupunkt,65.0,467.0,4.5,LCD
blaupunkt,65.0,422.0,5.0,LED
blaupunkt,65.0,400.0,5.5,LED
blaupunkt,65.0,370.0,6.0,LED
blaupunkt,65.0,483.0,4.5,LED
blaupunkt,69.0,640.0,4.0,LED
blaupunkt,70.0,550.0,4.5,LED
blaupunkt,70.0,690.0,3.5,LED
blaupunkt,70.0,561.0,4.5,LCD
blaupunkt,74.0,485.0,6.0,LED
blaupunkt,75.0,692.0,4.0,LCD
blaupunkt,75.0,811.0,3.5,LCD
blaupunkt,75.0,656.0,4.5,LED
blaupunkt,75.0,682.0,4.5,LED
blaupunkt,75.0,648.0,4.5,LED
blaupunkt,75.0,758.0,4.0,LED
blaupunkt,75.0,758.0,4.0,LED
blaupunkt,85.0,722.0,5.0,LED
blaupunkt,85.0,980.0,3.5,LCD
blaupunkt,85.0,743.0,5.0,LCD
blaupunkt,86.0,988.0,4.0,LED
blaupunkt,98.0,1284.0,4.0,LED
brooklyn,32.0,125.0,5.0,LED
caixun,24.0,70.0,5.5,LED
caixun,24.0,70.0,5.5,LED
caixun,24.0,70.0,5.5,LED
caixun,24.0,70.0,5.5,LED
caixun,24.0,70.0,5.5,LED
caixun,24.0,68.0,6.0,LED
caixun,24.0,68.0,6.0,LED
caixun,24.0,68.0,6.0,LED
caixun,24.0,68.0,6.0,LED
caixun,24.0,68.0,6.0,LED
caixun,24.0,68.0,6.0,LED
caixun,24.0,68.0,6.0,LED
caixun,24.0,68.0,6.0,LED
caixun,32.0,119.0,5.0,LED
caixun,32.0,110.0,5.5,LED
caixun,32.0,110.0,5.5,LED
caixun,32.0,110.0,5.5,LED
caixun,32.0,110.0,5.5,LED
caixun,32.0,110.0,5.5,LED
caixun,32.0,110.0,5.5,LED
caixun,32.0,110.0,5.5,LED
caixun,32.0,110.0,5.5,LED
caixun,32.0,110.0,5.5,LED
caixun,32.0,110.0,5.5,LED
caixun,32.0,110.0,5.5,LED
caixun,32.0,98.0,6.0,LCD
caixun,32.0,98.0,6.0,LCD
caixun,32.0,98.0,6.0,LCD
caixun,32.0,98.0,6.0,LCD
caixun,38.0,138.0,6.0,LED
caixun,38.0,138.0,6.0,LED
caixun,38.0,138.0,6.0,LED
caixun,38.0,138.0,6.0,LED
caixun,38.0,138.0,6.0,LED
caixun,38.0,138.0,6.0,LED
caixun,39.0,155.0,5.5,LCD
caixun,39.0,155.0,5.5,LCD
caixun,39.0,155.0,5.5,LCD
caixun,39.0,155.0,5.5,LCD
caixun,40.0,151.0,6.0,LED
caixun,40.0,151.0,6.0,LED
caixun,40.0,151.0,6.0,LED
caixun,40.0,151.0,6.0,LED
caixun,40.0,151.0,6.0,LED
caixun,40.0,151.0,6.0,LED
caixun,41.0,159.0,6.0,LED
caixun,41.0,159.0,6.0,LED
caixun,41.0,159.0,6.0,LED
caixun,41.0,159.0,6.0,LED
caixun,41.0,159.0,6.0,LED
caixun,41.0,159.0,6.0,LED
caixun,42.0,162.0,6.0,LED
caixun,42.0,162.0,6.0,LED
caixun,42.0,162.0,6.0,LED
caixun,42.0,162.0,6.0,LED
caixun,42.0,162.0,6.0,LED
caixun,42.0,162.0,6.0,LED
caixun,43.0,196.0,5.0,LED
caixun,43.0,196.0,5.0,LED
caixun,43.0,196.0,5.0,LED
caixun,43.0,196.0,5.0,LED
caixun,43.0,196.0,5.0,LED
caixun,43.0,196.0,5.0,LED
caixun,43.0,196.0,5.0,LED
caixun,43.0,196.0,5.0,LED
caixun,43.0,196.0,5.0,LED
caixun,43.0,220.0,4.5,LCD
caixun,43.0,220.0,4.5,LCD
caixun,43.0,220.0,4.5,LCD
caixun,43.0,220.0,4.5,LCD
caixun,50.0,278.0,5.0,LED
caixun,50.0,278.0,5.0,LED
caixun,50.0,278.0,5.0,LED
caixun,50.0,278.0,5.0,LED
caixun,50.0,278.0,5.0,LED
caixun,50.0,278.0,5.0,LED
caixun,50.0,278.0,5.0,LED
caixun,55.0,307.0,5.0,LED
caixun,55.0,307.0,5.0,LED
caixun,55.0,307.0,5.0,LED
caixun,55.0,307.0,5.0,LED
caixun,55.0,307.0,5.0,LED
caixun,55.0,307.0,5.0,LED
caixun,55.0,307.0,5.0,LED
chiq,24.0,82.0,5.0,LCD
chiq,24.0,82.0,5.0,LED
chiq,24.0,78.0,5.0,LED
chiq,31.0,126.0,5.0,LED
chiq,31.0,104.0,6.0,LED
chiq,31.0,131.0,5.0,LED
chiq,31.0,112.0,5.5,LED
chiq,31.0,116.0,5.5,LED
chiq,32.0,150.0,4.0,LED
chiq,32.0,116.0,5.5,LED
chiq,39.0,184.0,5.0,LED
chiq,39.0,184.0,5.0,LED
chiq,39.0,185.0,5.0,LED
chiq,39.0,189.0,5.0,LED
chiq,39.0,189.0,5.0,LED
chiq,42.0,240.0,4.5,LED
chiq,42.0,240.0,4.5,LED
chiq,42.0,214.0,5.0,LED
chiq,49.0,276.0,5.0,LED
chiq,49.0,265.0,5.0,LED
chiq,49.0,265.0,5.0,LED
chiq,55.0,349.0,4.5,LED
chiq,55.0,415.0,4.0,LED
chiq,55.0,320.0,5.0,LED
chiq,55.0,349.0,4.5,LED
chiq,57.0,411.0,4.5,LED
chiq,57.0,349.0,5.0,LED
chiq,64.0,506.0,4.5,LED
chiq,64.0,506.0,4.5,LED
chiq,64.0,506.0,4.5,LED
chiq,64.0,579.0,4.0,LED
chiq,64.0,404.0,5.5,LED
chiq,65.0,572.0,4.0,LED
chiq,70.0,481.0,5.5,LED
chiq,75.0,532.0,5.5,LED
chiq,75.0,506.0,5.5,LED
chiq,75.0,608.0,5.0,LCD
chiq,85.0,974.0,4.0,LED
chiq,97.0,1233.0,4.0,LED
chiq,98.0,1233.0,4.0,LED
concentric care,24.0,110.0,3.5,LED
devanti,32.0,101.0,6.0,LED
devanti,39.0,182.0,5.0,LED
devanti,50.0,276.0,5.0,LED
devanti,65.0,395.0,5.5,LED
devanti,65.0,554.0,4.0,LED
devanti,75.0,760.0,4.0,LED
dgtec,39.0,149.0,6.0,LCD
dgtec,55.0,251.0,6.0,LED
dgtec,55.0,256.0,6.0,LCD
dgtec,65.0,362.0,6.0,LED
dgtec,65.0,371.0,6.0,LED
dynalink,24.0,76.0,5.5,LCD
eko,24.0,78.0,5.0,LCD
eko,24.0,110.0,3.5,LED
eko,24.0,70.0,5.5,LED
eko,31.0,130.0,5.0,LCD
eko,32.0,119.0,5.0,LED
eko,32.0,151.0,4.0,LED
eko,32.0,116.0,5.5,LED
eko,32.0,130.0,5.0,LED
eko,32.0,125.0,5.0,LED
eko,32.0,131.0,5.0,LED
eko,32.0,131.0,5.0,LED
eko,32.0,131.0,5.0,LED
eko,32.0,131.0,5.0,LCD
eko,32.0,134.0,4.5,LED
eko,32.0,118.0,5.5,LCD
eko,40.0,175.0,5.0,LCD
eko,40.0,180.0,5.0,LED
eko,40.0,210.0,4.5,LED
eko,40.0,186.0,5.0,LCD
eko,40.0,186.0,5.0,LCD
eko,40.0,182.0,5.0,LED
eko,40.0,185.0,5.0,LED
eko,41.0,230.0,4.5,LED
eko,41.0,230.0,4.5,LED
eko,42.0,260.0,3.5,LCD
eko,42.0,240.0,4.0,LED
eko,42.0,230.0,4.0,LED
eko,42.0,204.0,5.0,LED
eko,42.0,208.0,5.0,LED
eko,43.0,212.0,5.0,LED
eko,43.0,191.0,5.5,LCD
eko,46.0,245.0,5.0,LCD
eko,49.0,376.0,3.5,LCD
eko,49.0,273.0,5.0,LED
eko,50.0,210.0,6.0,LED
eko,50.0,330.0,4.0,LED
eko,50.0,381.0,3.5,LED
eko,50.0,317.0,4.5,LED
eko,50.0,284.0,5.0,LED
eko,55.0,380.0,4.5,LCD
eko,55.0,271.0,6.0,LED
eko,55.0,260.0,6.0,LED
eko,55.0,301.0,5.5,LCD
eko,55.0,339.0,5.0,LCD
eko,55.0,370.0,4.5,LED
eko,55.0,470.0,3.5,LED
eko,55.0,470.0,3.5,LED
eko,55.0,379.0,4.5,LED
eko,55.0,385.0,4.0,LCD
eko,55.0,349.0,4.5,LCD
eko,55.0,349.0,4.5,LCD
eko,55.0,404.0,4.0,LCD
eko,55.0,404.0,4.0,LCD
eko,55.0,275.0,5.5,OLED
eko,55.0,273.0,6.0,LED
eko,57.0,298.0,6.0,LED
eko,58.0,357.0,5.0,LED
eko,58.0,378.0,4.5,LED
eko,58.0,346.0,5.0,LCD
eko,64.0,725.0,3.0,LCD
eko,65.0,540.0,4.0,LCD
eko,65.0,540.0,4.0,LCD
eko,65.0,448.0,5.0,LED
eko,65.0,485.0,4.5,LED
eko,65.0,416.0,5.5,LCD
eko,65.0,520.0,4.5,LED
eko,65.0,554.0,4.0,LED
eko,65.0,422.0,5.0,LED
eko,65.0,496.0,4.5,LED
eko,65.0,462.0,5.0,LED
eko,65.0,581.0,4.0,LED
eko,65.0,581.0,4.0,LED
eko,65.0,370.0,6.0,LED
eko,65.0,858.0,2.0,LCD
eko,65.0,858.0,2.0,LCD
eko,65.0,465.0,5.0,LCD
eko,69.0,640.0,4.0,LED
eko,70.0,532.0,5.0,LCD
eko,70.0,592.0,4.5,LCD
eko,70.0,561.0,4.5,LCD
eko,70.0,572.0,4.5,LED
eko,70.0,850.0,2.5,LED
eko,70.0,590.0,4.5,LED
eko,75.0,811.0,3.5,LCD
eko,75.0,811.0,3.5,LCD
eko,75.0,590.0,5.0,LED
eko,75.0,832.0,3.5,LCD
eko,75.0,840.0,3.5,LCD
eko,75.0,610.0,5.0,LCD
eko,75.0,600.0,5.0,LCD
eko,75.0,682.0,4.5,LED
eko,75.0,758.0,4.0,LED
eko,75.0,758.0,4.0,LED
eko,85.0,1116.0,3.0,LED
elitelux,58.0,343.0,5.0,LED
englaon,22.0,102.0,4.0,LED
englaon,24.0,70.0,5.5,LED
englaon,24.0,95.0,4.5,LED
englaon,24.0,78.0,5.0,LED
englaon,24.0,78.0,5.0,LED
englaon,24.0,78.0,5.0,LED
englaon,24.0,108.0,4.0,LED
englaon,24.0,102.0,4.5,LED
englaon,24.0,102.0,4.5,LED
englaon,24.0,102.0,4.5,LED
englaon,30.0,158.0,4.0,LED
englaon,30.0,158.0,4.0,LED
englaon,30.0,158.0,4.0,LED
englaon,32.0,163.0,4.0,LED
englaon,32.0,148.0,4.5,LED
englaon,32.0,148.0,4.5,LED
englaon,32.0,150.0,4.5,LED
englaon,34.0,175.0,4.5,LED
englaon,34.0,175.0,4.5,LED
englaon,34.0,175.0,4.5,LED
englaon,40.0,140.0,6.0,LED
englaon,40.0,140.0,6.0,LED
englaon,40.0,140.0,6.0,LED
ffalcon,31.0,99.0,6.0,LED
ffalcon,31.0,110.0,5.5,LED
ffalcon,39.0,144.0,6.0,LED
ffalcon,39.0,180.0,5.0,LED
ffalcon,42.0,160.0,6.0,LED
ffalcon,42.0,170.0,6.0,LED
ffalcon,42.0,178.0,5.5,LED
ffalcon,42.0,170.0,6.0,LED
ffalcon,49.0,190.0,6.0,LED
ffalcon,49.0,204.0,6.0,LED
ffalcon,49.0,200.0,6.0,LED
ffalcon,55.0,190.0,7.0,LED
ffalcon,55.0,250.0,6.0,LED
ffalcon,55.0,240.0,6.0,LED
ffalcon,64.0,220.0,8.0,LED
ffalcon,64.0,300.0,6.0,LED
ffalcon,64.0,327.0,6.0,LED
ffalcon,64.0,350.0,6.0,LED
ffalcon,75.0,450.0,6.0,LED
ffalcon,75.0,500.0,5.5,LED
ffalcon,75.0,460.0,6.0,LED
furrion,24.0,85.0,5.0,LCD
furrion,24.0,120.0,3.5,LCD
furrion,24.0,96.0,4.5,LED
furrion,24.0,107.0,4.0,LED
gorilla,31.0,104.0,6.0,LED
gorilla,32.0,101.0,6.0,LED
gorilla,39.0,182.0,5.0,LED
gorilla,41.0,160.0,6.0,LED
gorilla,43.0,200.0,5.0,LED
gorilla,55.0,300.0,5.5,LED
hisense,32.0,104.0,6.0,LED
hisense,32.0,104.0,6.0,LED
hisense,32.0,104.0,6.0,LED
hisense,32.0,93.0,6.0,LED
hisense,32.0,93.0,6.0,LED
hisense,32.0,93.0,6.0,LED
hisense,32.0,93.0,6.0,LED
hisense,40.0,144.0,6.0,LED
hisense,40.0,135.0,6.0,LED
hisense,40.0,135.0,6.0,LED
hisense,40.0,121.0,7.0,LED
hisense,40.0,121.0,7.0,LED
hisense,40.0,121.0,7.0,LED
hisense,40.0,121.0,7.0,LED
hisense,42.0,229.0,4.5,LED
hisense,42.0,229.0,4.5,LED
hisense,42.0,229.0,4.5,LED
hisense,43.0,154.0,6.0,LED
hisense,43.0,264.0,4.0,LED
hisense,43.0,240.0,4.5,LED
hisense,43.0,242.0,4.5,LED
hisense,43.0,242.0,4.5,LED
hisense,43.0,242.0,4.5,LED
hisense,43.0,259.0,4.0,LED
hisense,43.0,259.0,4.0,LED
hisense,43.0,259.0,4.0,LED
hisense,49.0,212.0,6.0,LED
hisense,50.0,318.0,4.5,LED
hisense,50.0,284.0,5.0,LED
hisense,50.0,254.0,5.5,LED
hisense,50.0,284.0,5.0,LED
hisense,50.0,254.0,5.5,LED
hisense,50.0,227.0,6.0,LED
hisense,50.0,227.0,6.0,LED
hisense,50.0,227.0,6.0,LED
hisense,55.0,380.0,4.5,LED
hisense,55.0,378.0,4.5,LED
hisense,55.0,476.0,3.5,LED
hisense,55.0,378.0,4.5,LED
hisense,55.0,304.0,5.5,LED
hisense,55.0,468.0,3.5,LED
hisense,55.0,304.0,5.5,LED
hisense,55.0,304.0,5.5,LED
hisense,55.0,304.0,5.5,LED
hisense,55.0,339.0,5.0,LED
hisense,55.0,380.0,4.5,LED
hisense,55.0,380.0,4.5,LED
hisense,55.0,380.0,4.5,LED
hisense,55.0,476.0,3.5,LED
hisense,55.0,476.0,3.5,LED
hisense,55.0,476.0,3.5,LED
hisense,55.0,305.0,5.5,LED
hisense,55.0,305.0,5.5,LED
hisense,55.0,305.0,5.5,LED
hisense,55.0,339.0,5.0,LED
hisense,55.0,339.0,5.0,LED
hisense,55.0,339.0,5.0,LED
hisense,55.0,339.0,5.0,LED
hisense,55.0,339.0,5.0,LED
hisense,55.0,339.0,5.0,LED
hisense,55.0,381.0,4.5,LED
hisense,55.0,381.0,4.5,LED
hisense,55.0,381.0,4.5,LED
hisense,55.0,339.0,5.0,LED
hisense,55.0,339.0,5.0,LED
hisense,55.0,339.0,5.0,LED
hisense,55.0,239.0,6.0,LED
hisense,55.0,239.0,6.0,LED
hisense,55.0,239.0,6.0,LED
hisense,55.0,319.0,5.0,OLED
hisense,58.0,298.0,6.0,LED
hisense,58.0,335.0,5.5,LED
hisense,58.0,335.0,5.5,LED
hisense,58.0,299.0,6.0,LED
hisense,64.0,464.0,5.0,LED
hisense,64.0,464.0,5.0,LED
hisense,64.0,464.0,5.0,LED
hisense,65.0,638.0,3.5,LCD
hisense,65.0,416.0,5.5,LED
hisense,65.0,520.0,4.5,LED
hisense,65.0,648.0,3.5,LED
hisense,65.0,568.0,4.0,LED
hisense,65.0,458.0,5.0,LED
hisense,65.0,492.0,4.5,LED
hisense,65.0,812.0,2.5,LED
hisense,65.0,649.0,3.5,LED
hisense,65.0,416.0,5.5,LED
hisense,65.0,416.0,5.5,LED
hisense,65.0,416.0,5.5,LED
hisense,65.0,416.0,5.5,LED
hisense,65.0,464.0,5.0,LED
hisense,65.0,464.0,5.0,LED
hisense,65.0,464.0,5.0,LED
hisense,65.0,638.0,3.5,LED
hisense,65.0,638.0,3.5,LED
hisense,65.0,638.0,3.5,LED
hisense,65.0,649.0,3.5,LED
hisense,65.0,399.0,5.5,LED
hisense,65.0,399.0,5.5,LED
hisense,65.0,399.0,5.5,LED
hisense,65.0,459.0,5.0,LED
hisense,65.0,459.0,5.0,LED
hisense,65.0,459.0,5.0,LED
hisense,65.0,520.0,4.5,LED
hisense,65.0,520.0,4.5,LED
hisense,65.0,520.0,4.5,LED
hisense,65.0,555.0,4.0,LED
hisense,65.0,555.0,4.0,LED
hisense,65.0,555.0,4.0,LED
hisense,65.0,416.0,5.5,LED
hisense,65.0,416.0,5.5,LED
hisense,65.0,416.0,5.5,LED
hisense,65.0,369.0,6.0,LED
hisense,65.0,369.0,6.0,LED
hisense,65.0,369.0,6.0,LED
hisense,65.0,569.0,4.0,LED
hisense,65.0,639.0,3.5,LED
hisense,65.0,639.0,3.5,LED
hisense,65.0,639.0,3.5,LED
hisense,65.0,369.0,6.0,OLED
hisense,65.0,459.0,5.0,OLED
hisense,70.0,430.0,6.0,LED
hisense,70.0,430.0,6.0,LED
hisense,70.0,430.0,6.0,LED
hisense,70.0,422.0,6.0,LED
hisense,70.0,422.0,6.0,LED
hisense,70.0,415.0,6.0,LED
hisense,75.0,528.0,5.5,LED
hisense,75.0,683.0,4.5,LED
hisense,75.0,683.0,4.5,LED
hisense,75.0,528.0,5.5,LED
hisense,75.0,528.0,5.5,LED
hisense,75.0,528.0,5.5,LED
hisense,75.0,599.0,5.0,LED
hisense,75.0,599.0,5.0,LED
hisense,75.0,599.0,5.0,LED
hisense,75.0,955.0,3.0,LED
hisense,75.0,599.0,5.0,LED
hisense,75.0,599.0,5.0,LED
hisense,75.0,599.0,5.0,LED
hisense,75.0,482.0,6.0,LED
hisense,75.0,598.0,5.0,LED
hisense,75.0,1060.0,2.5,LED
hisense,75.0,684.0,4.5,LED
hisense,75.0,1190.0,2.0,LED
hisense,75.0,489.0,6.0,LED
hisense,75.0,489.0,6.0,LED
hisense,75.0,489.0,6.0,LED
hisense,75.0,612.0,5.0,LED
hisense,75.0,612.0,5.0,LED
hisense,75.0,612.0,5.0,LED
hisense,75.0,639.0,4.5,LED
hisense,75.0,639.0,4.5,LED
hisense,75.0,639.0,4.5,LED
hisense,75.0,719.0,4.0,LED
hisense,75.0,719.0,4.0,LED
hisense,75.0,719.0,4.0,LED
hisense,75.0,659.0,4.5,LED
hisense,75.0,659.0,4.5,LED
hisense,75.0,659.0,4.5,LED
hisense,75.0,547.0,5.5,LED
hisense,75.0,547.0,5.5,LED
hisense,75.0,547.0,5.5,LED
hisense,75.0,489.0,6.0,LED
hisense,75.0,489.0,6.0,LED
hisense,75.0,489.0,6.0,LED
hisense,75.0,720.0,4.0,LED
hisense,85.0,860.0,4.5,LED
hisense,85.0,762.0,5.0,LED
hisense,85.0,952.0,4.0,LED
hisense,85.0,952.0,4.0,LED
hisense,85.0,1088.0,3.5,LED
hisense,85.0,698.0,5.5,LED
hisense,85.0,698.0,5.5,LED
hisense,85.0,698.0,5.5,LED
hisense,85.0,698.0,5.5,LED
hisense,85.0,868.0,4.5,LED
hisense,85.0,868.0,4.5,LED
hisense,85.0,868.0,4.5,LED
hisense,85.0,696.0,5.5,LED
hisense,85.0,696.0,5.5,LED
hisense,85.0,696.0,5.5,LED
hisense,85.0,859.0,4.5,LED
hisense,85.0,859.0,4.5,LED
hisense,85.0,859.0,4.5,LED
hisense,85.0,780.0,5.0,LED
hisense,85.0,780.0,5.0,LED
hisense,85.0,780.0,5.0,LED
hisense,85.0,829.0,4.5,LED
hisense,85.0,829.0,4.5,LED
hisense,85.0,829.0,4.5,LED
hisense,85.0,780.0,5.0,LED
hisense,85.0,780.0,5.0,LED
hisense,85.0,780.0,5.0,LED
hisense,85.0,696.0,5.5,LED
hisense,85.0,696.0,5.5,LED
hisense,85.0,696.0,5.5,LED
hisense,85.0,1079.0,3.5,LED
hisense,98.0,1028.0,5.0,LED
hisense,98.0,1028.0,5.0,LED
hisense,98.0,1028.0,5.0,LED
hisense,100.0,846.0,6.0,LED
hisense,100.0,955.0,5.5,LED
hisense,100.0,955.0,5.5,LED
hisense,100.0,955.0,5.5,LED
hisense,100.0,999.0,5.0,LED
hitachi,31.0,104.0,6.0,LCD
hitachi,32.0,105.0,6.0,LCD
hitachi,40.0,151.0,6.0,LCD
hitachi,41.0,160.0,6.0,LED
hitachi,49.0,226.0,6.0,LED
hitachi,55.0,271.0,6.0,LED
hitachi,57.0,298.0,6.0,LCD
hitachi,65.0,370.0,6.0,LED
hitachi,74.0,485.0,6.0,LCD
hubbl,65.0,240.0,7.0,LED
hubbl glass,43.0,200.0,5.0,LED
hubbl glass,55.0,240.0,6.0,LED
hyundai,50.0,276.0,5.0,LED
hyundai,50.0,227.0,6.0,LED
hyundai,55.0,268.0,6.0,LED
hyundai,65.0,373.0,6.0,LED
hyundai,75.0,750.0,4.0,LED
hyundai,75.0,477.0,6.0,LED
iluma,24.0,112.0,3.5,LCD
iluma,24.0,112.0,3.5,LCD
iluma,24.0,112.0,3.5,LCD
iluma,24.0,112.0,3.5,LCD
iluma,24.0,112.0,3.5,LCD
iluma,24.0,112.0,3.5,LCD
iluma,24.0,112.0,3.5,LCD
iluma,32.0,119.0,5.0,LCD
iluma,32.0,119.0,5.0,LCD
iluma,32.0,119.0,5.0,LCD
iluma,32.0,119.0,5.0,LCD
iluma,32.0,119.0,5.0,LCD
iluma,32.0,119.0,5.0,LCD
iluma,32.0,119.0,5.0,LCD
jvc,24.0,70.0,5.5,LED
jvc,31.0,130.0,5.0,LCD
jvc,31.0,104.0,6.0,LED
jvc,31.0,130.0,5.0,LED
jvc,32.0,145.0,4.5,LCD
jvc,32.0,110.0,5.5,LED
jvc,32.0,110.0,5.5,LED
jvc,32.0,150.0,4.0,LED
jvc,32.0,145.0,4.5,LED
jvc,32.0,130.0,5.0,LED
jvc,32.0,110.0,5.5,LED
jvc,32.0,108.0,5.5,LCD
jvc,32.0,108.0,5.5,LCD
jvc,32.0,118.0,5.5,LCD
jvc,32.0,118.0,5.5,LCD
jvc,39.0,148.0,6.0,LED
jvc,40.0,198.0,4.5,LED
jvc,40.0,151.0,6.0,LED
jvc,40.0,210.0,4.5,LED
jvc,40.0,186.0,5.0,LCD
jvc,40.0,259.0,3.5,LED
jvc,41.0,230.0,4.5,LCD
jvc,42.0,150.0,6.0,LCD
jvc,42.0,235.0,4.5,LCD
jvc,42.0,205.0,5.0,LCD
jvc,42.0,235.0,4.5,LED
jvc,42.0,269.0,4.0,LCD
jvc,42.0,229.0,4.5,LED
jvc,42.0,212.0,5.0,LCD
jvc,42.0,163.0,6.0,LED
jvc,43.0,196.0,5.0,LCD
jvc,49.0,253.0,5.0,LCD
jvc,49.0,376.0,3.5,LCD
jvc,49.0,354.0,4.0,LCD
jvc,49.0,265.0,5.0,LED
jvc,49.0,210.0,6.0,LED
jvc,49.0,407.0,3.0,LCD
jvc,50.0,256.0,5.0,LED
jvc,50.0,210.0,6.0,LED
jvc,50.0,210.0,6.0,LED
jvc,50.0,374.0,3.5,LCD
jvc,54.0,375.0,4.5,LCD
jvc,54.0,375.0,4.5,LCD
jvc,55.0,247.0,6.0,LED
jvc,55.0,320.0,5.0,LED
jvc,55.0,330.0,5.0,LCD
jvc,55.0,270.0,6.0,LED
jvc,55.0,320.0,5.0,LED
jvc,55.0,320.0,5.0,LED
jvc,55.0,464.0,3.5,LCD
jvc,55.0,358.0,4.5,LCD
jvc,55.0,400.0,4.0,LCD
jvc,55.0,247.0,6.0,LED
jvc,55.0,247.0,6.0,LED
jvc,55.0,247.0,6.0,LED
jvc,55.0,247.0,6.0,LED
jvc,55.0,247.0,6.0,LED
jvc,55.0,360.0,4.5,LED
jvc,55.0,430.0,3.5,LCD
jvc,57.0,468.0,4.0,LCD
jvc,57.0,468.0,4.0,LED
jvc,58.0,357.0,5.0,LED
jvc,64.0,512.0,4.5,LCD
jvc,64.0,512.0,4.5,LCD
jvc,64.0,512.0,4.5,LCD
jvc,64.0,370.0,6.0,LED
jvc,64.0,580.0,4.0,LED
jvc,64.0,499.0,4.5,LED
jvc,64.0,415.0,5.5,LED
jvc,64.0,448.0,5.0,LED
jvc,64.0,448.0,5.0,LED
jvc,64.0,448.0,5.0,LED
jvc,64.0,448.0,5.0,LED
jvc,64.0,448.0,5.0,LED
jvc,65.0,430.0,5.0,LED
jvc,74.0,811.0,3.5,LCD
jvc,74.0,758.0,4.0,LED
jvc,75.0,466.0,6.0,LED
jvc,75.0,466.0,6.0,LED
jvc,75.0,431.0,6.0,LED
jvc,98.0,872.0,5.5,LED
kodak,32.0,90.0,6.0,LCD
kodak,39.0,150.0,6.0,LCD
kodak,55.0,256.0,6.0,LCD
kodak,64.0,358.0,6.0,LCD
kodak,65.0,367.0,6.0,LED
kogan,19.0,62.0,5.0,LCD
kogan,19.0,62.0,5.0,LED
kogan,19.0,62.0,5.0,LED
kogan,19.0,62.0,5.0,LED
kogan,22.0,95.0,3.5,LCD
kogan,22.0,95.0,3.5,LCD
kogan,22.0,95.0,3.5,LCD
kogan,22.0,95.0,3.5,LCD
kogan,22.0,95.0,3.5,LCD
kogan,24.0,68.0,6.0,LED
kogan,24.0,67.0,6.0,LED
kogan,24.0,67.0,6.0,LED
kogan,24.0,67.0,6.0,LED
kogan,24.0,67.0,6.0,LED
kogan,24.0,67.0,6.0,LED
kogan,24.0,67.0,6.0,LED
kogan,24.0,95.0,4.5,LED
kogan,24.0,95.0,4.5,LED
kogan,24.0,95.0,4.5,LED
kogan,24.0,95.0,4.5,LED
kogan,24.0,95.0,4.5,LED
kogan,24.0,94.0,4.5,LCD
kogan,24.0,94.0,4.5,LCD
kogan,24.0,94.0,4.5,LCD
kogan,24.0,94.0,4.5,LCD
kogan,24.0,94.0,4.5,LCD
kogan,24.0,94.0,4.5,LCD
kogan,24.0,83.0,5.0,LCD
kogan,24.0,83.0,5.0,LCD
kogan,24.0,83.0,5.0,LCD
kogan,24.0,83.0,5.0,LCD
kogan,24.0,83.0,5.0,LCD
kogan,24.0,83.0,5.0,LCD
kogan,24.0,83.0,5.0,LCD
kogan,24.0,68.0,6.0,LED
kogan,24.0,68.0,6.0,LED
kogan,24.0,77.0,5.0,LED
kogan,24.0,77.0,5.0,LED
kogan,24.0,77.0,5.0,LED
kogan,24.0,70.0,5.5,LED
kogan,24.0,84.0,5.0,LED
kogan,24.0,70.0,5.5,LED
kogan,24.0,70.0,5.5,LED
kogan,24.0,84.0,5.0,LED
kogan,24.0,83.0,5.0,LED
kogan,24.0,83.0,5.0,LED
kogan,24.0,83.0,5.0,LED
kogan,24.0,83.0,5.0,LED
kogan,24.0,83.0,5.0,LED
kogan,24.0,83.0,5.0,LED
kogan,24.0,96.0,4.5,LED
kogan,24.0,100.0,4.0,LCD
kogan,31.0,152.0,4.0,LED
kogan,31.0,152.0,4.0,LED
kogan,31.0,152.0,4.0,LED
kogan,31.0,152.0,4.0,LED
kogan,31.0,104.0,6.0,LED
kogan,31.0,104.0,6.0,LED
kogan,31.0,104.0,6.0,LED
kogan,31.0,104.0,6.0,LED
kogan,31.0,104.0,6.0,LED
kogan,31.0,104.0,6.0,LED
kogan,31.0,104.0,6.0,LED
kogan,31.0,104.0,6.0,LED
kogan,31.0,104.0,6.0,LED
kogan,31.0,104.0,6.0,LED
kogan,31.0,104.0,6.0,LED
kogan,31.0,104.0,6.0,LED
kogan,31.0,104.0,6.0,LED
kogan,31.0,104.0,6.0,LED
kogan,31.0,104.0,6.0,LED
kogan,31.0,104.0,6.0,LED
kogan,31.0,104.0,6.0,LED
kogan,31.0,104.0,6.0,LED
kogan,31.0,145.0,4.5,LED
kogan,31.0,145.0,4.5,LED
kogan,31.0,145.0,4.5,LED
kogan,32.0,131.0,5.0,LED
kogan,32.0,131.0,5.0,LED
kogan,32.0,131.0,5.0,LED
kogan,32.0,131.0,5.0,LED
kogan,32.0,131.0,5.0,LED
kogan,32.0,116.0,5.5,LED
kogan,32.0,131.0,5.0,LCD
kogan,32.0,131.0,5.0,LCD
kogan,32.0,131.0,5.0,LCD
kogan,32.0,131.0,5.0,LCD
kogan,32.0,131.0,5.0,LCD
kogan,32.0,131.0,5.0,LCD
kogan,32.0,131.0,5.0,LCD
kogan,32.0,119.0,5.0,LED
kogan,32.0,110.0,5.5,LED
kogan,32.0,110.0,5.5,LED
kogan,32.0,110.0,5.5,LED
kogan,32.0,110.0,5.5,LED
kogan,32.0,130.0,5.0,LED
kogan,32.0,130.0,5.0,LED
kogan,32.0,130.0,5.0,LED
kogan,32.0,145.0,4.5,LED
kogan,32.0,145.0,4.5,LED
kogan,32.0,145.0,4.5,LED
kogan,32.0,145.0,4.5,LED
kogan,32.0,145.0,4.5,LED
kogan,39.0,148.0,6.0,LED
kogan,39.0,148.0,6.0,LED
kogan,39.0,149.0,6.0,LED
kogan,39.0,149.0,6.0,LED
kogan,39.0,149.0,6.0,LED
kogan,39.0,149.0,6.0,LED
kogan,39.0,149.0,6.0,LED
kogan,39.0,149.0,6.0,LED
kogan,39.0,149.0,6.0,LED
kogan,39.0,149.0,6.0,LED
kogan,39.0,149.0,6.0,LED
kogan,39.0,149.0,6.0,LED
kogan,39.0,149.0,6.0,LED
kogan,39.0,149.0,6.0,LED
kogan,39.0,148.0,6.0,LED
kogan,39.0,148.0,6.0,LED
kogan,39.0,148.0,6.0,LED
kogan,39.0,148.0,6.0,LED
kogan,39.0,148.0,6.0,LED
kogan,39.0,148.0,6.0,LED
kogan,40.0,178.0,5.0,LED
kogan,40.0,151.0,6.0,LED
kogan,40.0,151.0,6.0,LED
kogan,40.0,151.0,6.0,LED
kogan,40.0,151.0,6.0,LED
kogan,40.0,151.0,6.0,LED
kogan,40.0,151.0,6.0,LED
kogan,40.0,151.0,6.0,LED
kogan,40.0,148.0,6.0,LED
kogan,40.0,158.0,5.5,LED
kogan,40.0,158.0,5.5,LED
kogan,40.0,158.0,5.5,LED
kogan,40.0,210.0,4.5,LED
kogan,40.0,210.0,4.5,LED
kogan,40.0,210.0,4.5,LED
kogan,41.0,205.0,5.0,LED
kogan,41.0,205.0,5.0,LED
kogan,41.0,205.0,5.0,LED
kogan,41.0,205.0,5.0,LED
kogan,41.0,205.0,5.0,LED
kogan,41.0,155.0,6.0,LED
kogan,41.0,155.0,6.0,LED
kogan,41.0,163.0,6.0,LED
kogan,41.0,163.0,6.0,LED
kogan,41.0,163.0,6.0,LED
kogan,41.0,163.0,6.0,LED
kogan,41.0,163.0,6.0,LED
kogan,41.0,163.0,6.0,LED
kogan,41.0,163.0,6.0,LED
kogan,42.0,159.0,6.0,LED
kogan,42.0,180.0,5.5,LED
kogan,42.0,180.0,5.5,LED
kogan,42.0,180.0,5.5,LED
kogan,42.0,180.0,5.5,LED
kogan,42.0,180.0,5.5,LED
kogan,42.0,258.0,4.0,LED
kogan,42.0,265.0,4.0,LED
kogan,42.0,203.0,5.0,LED
kogan,42.0,203.0,5.0,LED
kogan,42.0,203.0,5.0,LED
kogan,42.0,203.0,5.0,LED
kogan,42.0,203.0,5.0,LED
kogan,42.0,214.0,5.0,LED
kogan,42.0,214.0,5.0,LED
kogan,42.0,214.0,5.0,LED
kogan,42.0,214.0,5.0,LED
kogan,42.0,214.0,5.0,LED
kogan,42.0,214.0,5.0,LED
kogan,42.0,223.0,4.5,LED
kogan,42.0,229.0,4.5,LED
kogan,42.0,229.0,4.5,LED
kogan,42.0,229.0,4.5,LED
kogan,42.0,338.0,3.0,LED
kogan,42.0,338.0,3.0,LED
kogan,42.0,338.0,3.0,LED
kogan,42.0,240.0,4.5,LCD
kogan,42.0,353.0,2.5,LED
kogan,42.0,353.0,2.5,LED
kogan,42.0,353.0,2.5,LED
kogan,42.0,353.0,2.5,LED
kogan,42.0,353.0,2.5,LED
kogan,43.0,185.0,5.5,LED
kogan,43.0,184.0,5.5,LED
kogan,43.0,194.0,5.5,LED
kogan,43.0,194.0,5.5,LED
kogan,43.0,194.0,5.5,LED
kogan,43.0,194.0,5.5,LED
kogan,43.0,194.0,5.5,LED
kogan,43.0,221.0,4.5,LED
kogan,43.0,221.0,4.5,LED
kogan,43.0,221.0,4.5,LED
kogan,43.0,221.0,4.5,LED
kogan,43.0,188.0,5.5,LED
kogan,48.0,331.0,4.0,OLED
kogan,48.0,331.0,4.0,OLED
kogan,48.0,331.0,4.0,OLED
kogan,48.0,331.0,4.0,OLED
kogan,48.0,331.0,4.0,OLED
kogan,48.0,331.0,4.0,OLED
kogan,49.0,313.0,4.5,LCD
kogan,49.0,258.0,5.0,LED
kogan,49.0,247.0,5.5,LED
kogan,49.0,258.0,5.0,LED
kogan,49.0,305.0,4.5,LED
kogan,49.0,283.0,5.0,LED
kogan,49.0,283.0,5.0,LED
kogan,49.0,284.0,5.0,LED
kogan,49.0,284.0,5.0,LED
kogan,49.0,331.0,4.0,LED
kogan,49.0,284.0,5.0,LED
kogan,49.0,284.0,5.0,LED
kogan,49.0,277.0,5.0,LED
kogan,49.0,277.0,5.0,LED
kogan,49.0,277.0,5.0,LED
kogan,49.0,277.0,5.0,LED
kogan,49.0,382.0,3.5,LED
kogan,49.0,382.0,3.5,LED
kogan,49.0,382.0,3.5,LED
kogan,49.0,382.0,3.5,LED
kogan,49.0,276.0,5.0,LED
kogan,49.0,276.0,5.0,LED
kogan,49.0,276.0,5.0,LED
kogan,49.0,276.0,5.0,LED
kogan,49.0,276.0,5.0,LED
kogan,49.0,276.0,5.0,LED
kogan,49.0,276.0,5.0,LED
kogan,49.0,276.0,5.0,LED
kogan,49.0,276.0,5.0,LED
kogan,49.0,276.0,5.0,LED
kogan,49.0,396.0,3.5,LED
kogan,49.0,284.0,5.0,LED
kogan,49.0,284.0,5.0,LED
kogan,49.0,284.0,5.0,LED
kogan,49.0,284.0,5.0,LED
kogan,49.0,284.0,5.0,LED
kogan,49.0,284.0,5.0,LED
kogan,50.0,398.0,3.5,LED
kogan,50.0,398.0,3.5,LED
kogan,50.0,398.0,3.5,LED
kogan,50.0,398.0,3.5,LED
kogan,50.0,398.0,3.5,LED
kogan,50.0,398.0,3.5,LED
kogan,50.0,395.0,3.5,LED
kogan,50.0,395.0,3.5,LED
kogan,50.0,395.0,3.5,LED
kogan,50.0,395.0,3.5,LED
kogan,50.0,395.0,3.5,LED
kogan,50.0,395.0,3.5,LED
kogan,50.0,261.0,5.0,LED
kogan,50.0,290.0,4.5,LED
kogan,50.0,290.0,4.5,LED
kogan,50.0,260.0,5.0,LED
kogan,50.0,210.0,6.0,LED
kogan,50.0,210.0,6.0,LED
kogan,50.0,210.0,6.0,LED
kogan,50.0,210.0,6.0,LED
kogan,50.0,210.0,6.0,LED
kogan,50.0,210.0,6.0,LED
kogan,50.0,210.0,6.0,LED
kogan,50.0,210.0,6.0,LED
kogan,50.0,210.0,6.0,LED
kogan,50.0,285.0,5.0,LED
kogan,50.0,285.0,5.0,LED
kogan,50.0,285.0,5.0,LED
kogan,50.0,285.0,5.0,LED
kogan,50.0,285.0,5.0,LED
kogan,50.0,250.0,5.5,LED
kogan,55.0,295.0,5.5,LED
kogan,55.0,295.0,5.5,LED
kogan,55.0,295.0,5.5,LED
kogan,55.0,295.0,5.5,LED
kogan,55.0,295.0,5.5,LED
kogan,55.0,424.0,4.0,OLED
kogan,55.0,375.0,4.5,LED
kogan,55.0,375.0,4.5,LED
kogan,55.0,375.0,4.5,LED
kogan,55.0,375.0,4.5,LED
kogan,55.0,415.0,4.0,LCD
kogan,55.0,320.0,5.0,LED
kogan,55.0,338.0,5.0,LED
kogan,55.0,338.0,5.0,LED
kogan,55.0,441.0,3.5,LED
kogan,55.0,339.0,5.0,LED
kogan,55.0,339.0,5.0,LED
kogan,55.0,339.0,5.0,LED
kogan,55.0,339.0,5.0,LED
kogan,55.0,302.0,5.5,LED
kogan,55.0,302.0,5.5,LED
kogan,55.0,302.0,5.5,LED
kogan,55.0,302.0,5.5,LED
kogan,55.0,302.0,5.5,LED
kogan,55.0,302.0,5.5,LED
kogan,55.0,475.0,3.5,LED
kogan,55.0,260.0,6.0,LED
kogan,55.0,260.0,6.0,LED
kogan,55.0,260.0,6.0,LED
kogan,55.0,427.0,4.0,LED
kogan,55.0,427.0,4.0,LED
kogan,55.0,427.0,4.0,LED
kogan,55.0,427.0,4.0,LED
kogan,55.0,427.0,4.0,LED
kogan,55.0,427.0,4.0,LED
kogan,55.0,425.0,4.0,LED
kogan,55.0,425.0,4.0,LED
kogan,55.0,425.0,4.0,LED
kogan,55.0,425.0,4.0,LED
kogan,55.0,425.0,4.0,LED
kogan,55.0,425.0,4.0,LED
kogan,55.0,270.0,6.0,LED
kogan,55.0,320.0,5.0,LED
kogan,55.0,320.0,5.0,LED
kogan,55.0,320.0,5.0,LED
kogan,55.0,320.0,5.0,LED
kogan,55.0,320.0,5.0,LED
kogan,55.0,320.0,5.0,LED
kogan,55.0,330.0,5.0,LED
kogan,55.0,320.0,5.0,LED
kogan,55.0,247.0,6.0,LED
kogan,55.0,247.0,6.0,LED
kogan,55.0,247.0,6.0,LED
kogan,55.0,247.0,6.0,LED
kogan,55.0,247.0,6.0,LED
kogan,55.0,247.0,6.0,LED
kogan,55.0,302.0,5.5,LED
kogan,55.0,302.0,5.5,LED
kogan,55.0,302.0,5.5,LED
kogan,55.0,302.0,5.5,LED
kogan,55.0,302.0,5.5,LED
kogan,55.0,302.0,5.5,LED
kogan,55.0,302.0,5.5,LED
kogan,55.0,302.0,5.5,LED
kogan,55.0,302.0,5.5,LED
kogan,55.0,302.0,5.5,LED
kogan,55.0,378.0,4.5,LED
kogan,55.0,378.0,4.5,LED
kogan,55.0,378.0,4.5,LED
kogan,55.0,378.0,4.5,LED
kogan,55.0,378.0,4.5,LED
kogan,55.0,378.0,4.5,LED
kogan,55.0,280.0,5.5,LED
kogan,55.0,378.0,4.5,OLED
kogan,55.0,378.0,4.5,OLED
kogan,55.0,378.0,4.5,OLED
kogan,55.0,378.0,4.5,OLED
kogan,55.0,378.0,4.5,OLED
kogan,55.0,378.0,4.5,OLED
kogan,57.0,448.0,4.0,LED
kogan,58.0,336.0,5.5,LED
kogan,58.0,336.0,5.5,LED
kogan,58.0,336.0,5.5,LED
kogan,58.0,271.0,6.0,LED
kogan,58.0,271.0,6.0,LED
kogan,58.0,271.0,6.0,LED
kogan,58.0,271.0,6.0,LED
kogan,58.0,271.0,6.0,LED
kogan,58.0,410.0,4.5,LED
kogan,58.0,420.0,4.5,LED
kogan,58.0,420.0,4.5,LED
kogan,58.0,420.0,4.5,LED
kogan,60.0,405.0,5.0,LCD
kogan,60.0,405.0,5.0,LCD
kogan,60.0,405.0,5.0,LCD
kogan,60.0,405.0,5.0,LCD
kogan,60.0,405.0,5.0,LCD
kogan,60.0,405.0,5.0,LCD
kogan,64.0,520.0,4.5,LED
kogan,64.0,520.0,4.5,LED
kogan,64.0,520.0,4.5,LED
kogan,64.0,520.0,4.5,LED
kogan,64.0,520.0,4.5,LED
kogan,64.0,404.0,5.5,LED
kogan,64.0,404.0,5.5,LED
kogan,64.0,404.0,5.5,LED
kogan,64.0,404.0,5.5,LED
kogan,64.0,404.0,5.5,LED
kogan,64.0,382.0,5.5,LCD
kogan,64.0,572.0,4.0,LCD
kogan,64.0,426.0,5.0,LED
kogan,64.0,426.0,5.0,LED
kogan,64.0,514.0,4.5,LED
kogan,64.0,536.0,4.0,LED
kogan,64.0,572.0,4.0,LED
kogan,64.0,579.0,4.0,LED
kogan,64.0,579.0,4.0,LED
kogan,64.0,579.0,4.0,LED
kogan,64.0,579.0,4.0,LED
kogan,64.0,404.0,5.5,LED
kogan,64.0,404.0,5.5,LED
kogan,64.0,404.0,5.5,LED
kogan,64.0,404.0,5.5,LED
kogan,64.0,404.0,5.5,LED
kogan,64.0,404.0,5.5,LED
kogan,64.0,404.0,5.5,LED
kogan,64.0,404.0,5.5,LED
kogan,64.0,404.0,5.5,LED
kogan,64.0,404.0,5.5,LED
kogan,64.0,809.0,2.5,LED
kogan,64.0,371.0,6.0,LED
kogan,64.0,371.0,6.0,LED
kogan,64.0,371.0,6.0,LED
kogan,64.0,371.0,6.0,LED
kogan,64.0,371.0,6.0,LED
kogan,64.0,371.0,6.0,LED
kogan,65.0,560.0,4.0,LED
kogan,65.0,560.0,4.0,LED
kogan,65.0,560.0,4.0,LED
kogan,65.0,560.0,4.0,LED
kogan,65.0,560.0,4.0,LED
kogan,65.0,560.0,4.0,LED
kogan,65.0,580.0,4.0,LED
kogan,65.0,580.0,4.0,LED
kogan,65.0,580.0,4.0,LED
kogan,65.0,580.0,4.0,LED
kogan,65.0,580.0,4.0,LED
kogan,65.0,580.0,4.0,LED
kogan,65.0,395.0,5.5,LED
kogan,65.0,348.0,6.0,LED
kogan,65.0,385.0,5.5,LED
kogan,65.0,385.0,5.5,LED
kogan,65.0,385.0,5.5,LED
kogan,65.0,385.0,5.5,LED
kogan,65.0,385.0,5.5,LED
kogan,65.0,385.0,5.5,LED
kogan,65.0,385.0,5.5,LED
kogan,65.0,386.0,5.5,LED
kogan,65.0,386.0,5.5,LED
kogan,65.0,579.0,4.0,LED
kogan,65.0,579.0,4.0,LED
kogan,65.0,579.0,4.0,LED
kogan,65.0,579.0,4.0,LED
kogan,65.0,579.0,4.0,LED
kogan,65.0,371.0,6.0,LED
kogan,65.0,371.0,6.0,LED
kogan,65.0,371.0,6.0,LED
kogan,65.0,371.0,6.0,LED
kogan,65.0,371.0,6.0,LED
kogan,65.0,371.0,6.0,LED
kogan,65.0,400.0,5.5,LED
kogan,65.0,459.0,5.0,OLED
kogan,65.0,459.0,5.0,OLED
kogan,65.0,459.0,5.0,OLED
kogan,65.0,459.0,5.0,OLED
kogan,65.0,459.0,5.0,OLED
kogan,65.0,459.0,5.0,OLED
kogan,65.0,372.0,6.0,LED
kogan,65.0,372.0,6.0,LED
kogan,65.0,372.0,6.0,LED
kogan,65.0,372.0,6.0,LED
kogan,65.0,372.0,6.0,LED
kogan,65.0,586.0,4.0,OLED
kogan,65.0,532.0,4.5,LED
kogan,65.0,532.0,4.5,LED
kogan,65.0,532.0,4.5,LED
kogan,65.0,532.0,4.5,LED
kogan,65.0,532.0,4.5,LED
kogan,65.0,532.0,4.5,LED
kogan,69.0,532.0,5.0,LED
kogan,69.0,532.0,5.0,LED
kogan,70.0,667.0,4.0,LED
kogan,70.0,667.0,4.0,LED
kogan,70.0,667.0,4.0,LED
kogan,70.0,667.0,4.0,LED
kogan,70.0,667.0,4.0,LED
kogan,70.0,667.0,4.0,LED
kogan,70.0,538.0,5.0,LED
kogan,70.0,538.0,5.0,LED
kogan,70.0,538.0,5.0,LED
kogan,70.0,538.0,5.0,LED
kogan,70.0,538.0,5.0,LED
kogan,70.0,538.0,5.0,LED
kogan,70.0,538.0,5.0,LED
kogan,70.0,538.0,5.0,LED
kogan,70.0,538.0,5.0,LED
kogan,70.0,538.0,5.0,LED
kogan,70.0,538.0,5.0,LED
kogan,70.0,580.0,4.5,LED
kogan,70.0,550.0,4.5,LED
kogan,70.0,515.0,5.0,LCD
kogan,70.0,660.0,4.0,LED
kogan,75.0,643.0,4.5,LED
kogan,75.0,643.0,4.5,LED
kogan,75.0,643.0,4.5,LED
kogan,75.0,643.0,4.5,LED
kogan,75.0,667.0,4.5,LCD
kogan,75.0,608.0,5.0,LED
kogan,75.0,627.0,4.5,LED
kogan,75.0,536.0,5.5,LED
kogan,75.0,488.0,6.0,LED
kogan,75.0,667.0,4.5,LED
kogan,75.0,667.0,4.5,LED
kogan,75.0,667.0,4.5,LED
kogan,75.0,667.0,4.5,LED
kogan,75.0,546.0,5.5,LED
kogan,75.0,546.0,5.5,LED
kogan,75.0,546.0,5.5,LED
kogan,75.0,546.0,5.5,LED
kogan,75.0,546.0,5.5,LED
kogan,75.0,681.0,4.5,LED
kogan,75.0,681.0,4.5,LED
kogan,75.0,681.0,4.5,LED
kogan,75.0,681.0,4.5,LED
kogan,75.0,681.0,4.5,LED
kogan,75.0,681.0,4.5,LED
kogan,75.0,488.0,6.0,LED
kogan,75.0,488.0,6.0,LED
kogan,75.0,488.0,6.0,LED
kogan,75.0,488.0,6.0,LED
kogan,75.0,488.0,6.0,LED
kogan,75.0,488.0,6.0,LED
kogan,75.0,609.0,5.0,LED
kogan,75.0,609.0,5.0,LED
kogan,75.0,609.0,5.0,LED
kogan,75.0,609.0,5.0,LED
kogan,75.0,609.0,5.0,LED
kogan,75.0,609.0,5.0,LED
kogan,75.0,765.0,4.0,LED
kogan,75.0,690.0,4.0,LED
kogan,75.0,690.0,4.0,LED
kogan,75.0,690.0,4.0,LED
kogan,75.0,690.0,4.0,LED
kogan,75.0,690.0,4.0,LED
kogan,75.0,690.0,4.0,LED
kogan,75.0,680.0,4.5,LED
kogan,75.0,680.0,4.5,LED
kogan,75.0,680.0,4.5,LED
kogan,75.0,680.0,4.5,LED
kogan,75.0,680.0,4.5,LED
kogan,75.0,680.0,4.5,LED
kogan,75.0,680.0,4.5,LED
kogan,75.0,475.0,6.0,LED
kogan,75.0,608.0,5.0,LED
kogan,75.0,608.0,5.0,LED
kogan,75.0,608.0,5.0,LED
kogan,75.0,608.0,5.0,LED
kogan,75.0,608.0,5.0,LED
kogan,75.0,608.0,5.0,LED
kogan,75.0,608.0,5.0,LED
kogan,75.0,608.0,5.0,LED
kogan,77.0,540.0,5.5,OLED
kogan,77.0,540.0,5.5,OLED
kogan,77.0,540.0,5.5,OLED
kogan,77.0,540.0,5.5,OLED
kogan,81.0,853.0,4.0,LED
kogan,81.0,733.0,4.5,LED
kogan,85.0,1090.0,3.5,LED
kogan,85.0,868.0,4.5,LED
kogan,85.0,868.0,4.5,LED
kogan,85.0,868.0,4.5,LED
kogan,85.0,868.0,4.5,LED
kogan,85.0,970.0,4.0,LED
kogan,85.0,974.0,4.0,LED
kogan,85.0,974.0,4.0,LED
kogan,85.0,974.0,4.0,LED
kogan,85.0,974.0,4.0,LED
kogan,85.0,974.0,4.0,LED
kogan,85.0,974.0,4.0,LED
kogan,85.0,974.0,4.0,LED
kogan,85.0,974.0,4.0,LED
kogan,85.0,974.0,4.0,LED
kogan,85.0,974.0,4.0,LED
kogan,85.0,1090.0,3.5,LED
kogan,85.0,1090.0,3.5,LED
kogan,85.0,1090.0,3.5,LED
kogan,85.0,1090.0,3.5,LED
kogan,85.0,1090.0,3.5,LED
kogan,86.0,1117.0,3.5,LED
kogan,86.0,1117.0,3.5,LED
kogan,86.0,1117.0,3.5,LED
kogan,86.0,1117.0,3.5,LED
kogan,86.0,1117.0,3.5,LED
kogan,97.0,1233.0,4.0,LED
kogan,98.0,1233.0,4.0,LED
kogan,98.0,1233.0,4.0,LED
kogan,98.0,1233.0,4.0,LED
kogan,98.0,1233.0,4.0,LED
kogan,98.0,1233.0,4.0,LED
kogan,98.0,1233.0,4.0,LED
kogan,98.0,1233.0,4.0,LED
kogan,98.0,1233.0,4.0,LED
kogan,98.0,1233.0,4.0,LED
kogan,98.0,1233.0,4.0,LED
kogan,98.0,1233.0,4.0,LED
kogan,100.0,1670.0,3.0,OLED
kogan,100.0,1670.0,3.0,OLED
kogan,100.0,1670.0,3.0,OLED
kogan,100.0,1670.0,3.0,OLED
kogan,100.0,1497.0,3.5,LED
kogan,100.0,1497.0,3.5,LED
kogan,100.0,1497.0,3.5,LED
kogan,100.0,1497.0,3.5,LED
kogan,100.0,1497.0,3.5,LED
kogan,100.0,1497.0,3.5,LED
kogan,100.0,1497.0,3.5,LED
konka,32.0,131.0,5.0,LED
konka,32.0,131.0,5.0,LED
konka,40.0,189.0,5.0,LED
konka,40.0,189.0,5.0,LED
konka,50.0,285.0,5.0,LED
konka,50.0,285.0,5.0,LED
konka,55.0,341.0,5.0,LED
konka,55.0,341.0,5.0,LED
lad,43.0,199.0,5.0,LED
lg,24.0,95.0,4.5,LED
lg,28.0,95.0,5.5,LED
lg,32.0,114.0,5.5,LED
lg,32.0,123.0,5.0,LED
lg,32.0,123.0,5.0,LED
lg,32.0,95.0,6.0,LED
lg,32.0,90.0,6.0,LED
lg,42.0,232.0,4.5,OLED
lg,42.0,232.0,4.5,OLED
lg,42.0,232.0,4.5,OLED
lg,42.0,232.0,4.5,OLED
lg,42.0,232.0,4.5,OLED
lg,42.0,232.0,4.5,OLED
lg,42.0,232.0,4.5,OLED
lg,42.0,232.0,4.5,OLED
lg,42.0,232.0,4.5,OLED
lg,42.0,258.0,4.0,OLED
lg,42.0,258.0,4.0,OLED
lg,42.0,240.0,4.0,OLED
lg,42.0,240.0,4.0,OLED
lg,43.0,257.0,4.0,LED
lg,43.0,180.0,5.5,LED
lg,43.0,280.0,3.5,LED
lg,43.0,280.0,3.5,LED
lg,43.0,287.0,3.5,LED
lg,43.0,287.0,3.5,LED
lg,43.0,291.0,3.5,LED
lg,43.0,291.0,3.5,LED
lg,43.0,291.0,3.5,LED
lg,43.0,287.0,3.5,LED
lg,43.0,287.0,3.5,LED
lg,43.0,287.0,3.5,LED
lg,43.0,291.0,3.5,LED
lg,43.0,276.0,3.5,LED
lg,43.0,276.0,3.5,LED
lg,43.0,284.0,3.5,LED
lg,43.0,276.0,3.5,LED
lg,43.0,276.0,3.5,LED
lg,43.0,287.0,3.5,LED
lg,43.0,269.0,4.0,LED
lg,43.0,284.0,3.5,LED
lg,43.0,276.0,3.5,LED
lg,43.0,269.0,4.0,LED
lg,43.0,269.0,4.0,LED
lg,43.0,269.0,4.0,LED
lg,43.0,269.0,4.0,LED
lg,43.0,269.0,4.0,LED
lg,43.0,269.0,4.0,LED
lg,43.0,258.0,4.0,LED
lg,43.0,302.0,3.5,LED
lg,43.0,159.0,6.0,LED
lg,43.0,273.0,3.5,LED
lg,43.0,134.0,7.0,LED
lg,43.0,247.0,4.0,LED
lg,43.0,247.0,4.0,LED
lg,43.0,258.0,4.0,LED
lg,43.0,269.0,4.0,LED
lg,43.0,269.0,4.0,LED
lg,43.0,258.0,4.0,LED
lg,43.0,247.0,4.0,LED
lg,43.0,247.0,4.0,LED
lg,43.0,269.0,4.0,LED
lg,43.0,258.0,4.0,LED
lg,43.0,134.0,7.0,LED
lg,43.0,258.0,4.0,LED
lg,43.0,258.0,4.0,LED
lg,43.0,236.0,4.5,LED
lg,43.0,236.0,4.5,LED
lg,48.0,326.0,4.0,OLED
lg,48.0,327.0,4.0,OLED
lg,48.0,327.0,4.0,OLED
lg,48.0,280.0,4.5,OLED
lg,48.0,280.0,4.5,OLED
lg,48.0,280.0,4.5,OLED
lg,48.0,284.0,4.5,OLED
lg,48.0,284.0,4.5,OLED
lg,48.0,284.0,4.5,OLED
lg,48.0,284.0,4.5,OLED
lg,48.0,276.0,4.5,OLED
lg,48.0,276.0,4.5,OLED
lg,48.0,284.0,4.5,OLED
lg,48.0,284.0,4.5,OLED
lg,48.0,291.0,4.5,OLED
lg,48.0,291.0,4.5,OLED
lg,48.0,287.0,4.5,OLED
lg,48.0,280.0,4.5,OLED
lg,48.0,280.0,4.5,OLED
lg,48.0,273.0,4.5,OLED
lg,49.0,330.0,4.0,LED
lg,49.0,315.0,4.5,LED
lg,49.0,331.0,4.0,LED
lg,49.0,331.0,4.0,LED
lg,49.0,295.0,4.5,LED
lg,49.0,287.0,4.5,LED
lg,49.0,287.0,4.5,LED
lg,49.0,342.0,4.0,LED
lg,49.0,269.0,5.0,LED
lg,49.0,269.0,5.0,LED
lg,49.0,342.0,4.0,LED
lg,49.0,331.0,4.0,LED
lg,49.0,338.0,4.0,LED
lg,49.0,338.0,4.0,LED
lg,49.0,338.0,4.0,LED
lg,49.0,349.0,4.0,LED
lg,49.0,287.0,4.5,LED
lg,49.0,287.0,4.5,LED
lg,49.0,331.0,4.0,LED
lg,49.0,331.0,4.0,LED
lg,49.0,295.0,4.5,LED
lg,49.0,295.0,4.5,LED
lg,49.0,287.0,4.5,LED
lg,49.0,331.0,4.0,LED
lg,49.0,331.0,4.0,LED
lg,49.0,342.0,4.0,LED
lg,49.0,276.0,5.0,LED
lg,49.0,342.0,4.0,LED
lg,49.0,342.0,4.0,LED
lg,49.0,287.0,4.5,LED
lg,49.0,269.0,5.0,LED
lg,49.0,331.0,4.0,LED
lg,49.0,295.0,4.5,LED
lg,49.0,295.0,4.5,LED
lg,49.0,287.0,4.5,LED
lg,49.0,287.0,4.5,LED
lg,49.0,287.0,4.5,LED
lg,49.0,287.0,4.5,LED
lg,49.0,287.0,4.5,LED
lg,49.0,287.0,4.5,LED
lg,49.0,265.0,5.0,LED
lg,49.0,251.0,5.5,LED
lg,49.0,167.0,7.0,LED
lg,49.0,149.0,7.0,LED
lg,49.0,265.0,5.0,LED
lg,49.0,251.0,5.5,LED
lg,49.0,305.0,4.5,LED
lg,49.0,305.0,4.5,LED
lg,49.0,305.0,4.5,LED
lg,49.0,295.0,4.5,LED
lg,49.0,295.0,4.5,LED
lg,49.0,331.0,4.0,LED
lg,49.0,251.0,5.5,LED
lg,49.0,305.0,4.5,LED
lg,49.0,305.0,4.5,LED
lg,49.0,149.0,7.0,LED
lg,49.0,251.0,5.5,LED
lg,49.0,251.0,5.5,LED
lg,49.0,305.0,4.5,LED
lg,49.0,305.0,4.5,LED
lg,49.0,251.0,5.5,LED
lg,49.0,298.0,4.5,LED
lg,50.0,305.0,4.5,LED
lg,55.0,572.0,2.5,LED
lg,55.0,572.0,2.5,LED
lg,55.0,370.0,4.5,LED
lg,55.0,370.0,4.5,LED
lg,55.0,356.0,4.5,LED
lg,55.0,356.0,4.5,LED
lg,55.0,346.0,4.5,LED
lg,55.0,346.0,4.5,LED
lg,55.0,415.0,4.0,LED
lg,55.0,357.0,4.5,LED
lg,55.0,357.0,4.5,LED
lg,55.0,422.0,4.0,LED
lg,55.0,335.0,5.0,LED
lg,55.0,335.0,5.0,LED
lg,55.0,411.0,4.0,LED
lg,55.0,411.0,4.0,LED
lg,55.0,422.0,4.0,LED
lg,55.0,411.0,4.0,LED
lg,55.0,422.0,4.0,LED
lg,55.0,422.0,4.0,LED
lg,55.0,422.0,4.0,LED
lg,55.0,415.0,4.0,LED
lg,55.0,295.0,5.5,LED
lg,55.0,371.0,4.5,LED
lg,55.0,422.0,4.0,LED
lg,55.0,419.0,4.0,LED
lg,55.0,419.0,4.0,LED
lg,55.0,346.0,4.5,LED
lg,55.0,346.0,4.5,LED
lg,55.0,360.0,4.5,LED
lg,55.0,357.0,4.5,LED
lg,55.0,419.0,4.0,LED
lg,55.0,419.0,4.0,LED
lg,55.0,419.0,4.0,LED
lg,55.0,422.0,4.0,LED
lg,55.0,375.0,4.5,LED
lg,55.0,375.0,4.5,LED
lg,55.0,419.0,4.0,LED
lg,55.0,295.0,5.5,LED
lg,55.0,346.0,4.5,LED
lg,55.0,419.0,4.0,LED
lg,55.0,346.0,4.5,LED
lg,55.0,346.0,4.5,LED
lg,55.0,357.0,4.5,LED
lg,55.0,357.0,4.5,LED
lg,55.0,357.0,4.5,LED
lg,55.0,357.0,4.5,LED
lg,55.0,357.0,4.5,LED
lg,55.0,357.0,4.5,LED
lg,55.0,338.0,5.0,LED
lg,55.0,320.0,5.0,LED
lg,55.0,218.0,7.0,LED
lg,55.0,331.0,5.0,LED
lg,55.0,181.0,7.0,LED
lg,55.0,338.0,5.0,LED
lg,55.0,346.0,4.5,LED
lg,55.0,346.0,4.5,LED
lg,55.0,320.0,5.0,LED
lg,55.0,357.0,4.5,LED
lg,55.0,357.0,4.5,LED
lg,55.0,357.0,4.5,LED
lg,55.0,411.0,4.0,LED
lg,55.0,335.0,5.0,LED
lg,55.0,357.0,4.5,LED
lg,55.0,357.0,4.5,LED
lg,55.0,181.0,7.0,LED
lg,55.0,302.0,5.5,LED
lg,55.0,302.0,5.5,LED
lg,55.0,338.0,5.0,LED
lg,55.0,338.0,5.0,LED
lg,55.0,302.0,5.5,LED
lg,55.0,302.0,5.5,LED
lg,55.0,338.0,5.0,LED
lg,55.0,389.0,4.0,OLED
lg,55.0,400.0,4.0,OLED
lg,55.0,400.0,4.0,OLED
lg,55.0,408.0,4.0,OLED
lg,55.0,408.0,4.0,OLED
lg,55.0,342.0,4.5,OLED
lg,55.0,342.0,4.5,OLED
lg,55.0,389.0,4.0,OLED
lg,55.0,316.0,5.0,OLED
lg,55.0,316.0,5.0,OLED
lg,55.0,375.0,4.5,OLED
lg,55.0,349.0,4.5,OLED
lg,55.0,349.0,4.5,OLED
lg,55.0,349.0,4.5,OLED
lg,55.0,349.0,4.5,OLED
lg,55.0,349.0,4.5,OLED
lg,55.0,349.0,4.5,OLED
lg,55.0,375.0,4.5,OLED
lg,55.0,375.0,4.5,OLED
lg,55.0,258.0,6.0,OLED
lg,55.0,309.0,5.0,OLED
lg,55.0,309.0,5.0,OLED
lg,55.0,364.0,4.5,OLED
lg,55.0,364.0,4.5,OLED
lg,55.0,349.0,4.5,OLED
lg,55.0,349.0,4.5,OLED
lg,55.0,422.0,4.0,OLED
lg,55.0,422.0,4.0,OLED
lg,55.0,368.0,4.5,OLED
lg,55.0,368.0,4.5,OLED
lg,55.0,422.0,4.0,OLED
lg,55.0,422.0,4.0,OLED
lg,55.0,338.0,5.0,OLED
lg,55.0,338.0,5.0,OLED
lg,55.0,368.0,4.5,OLED
lg,55.0,368.0,4.5,OLED
lg,55.0,371.0,4.5,OLED
lg,55.0,371.0,4.5,OLED
lg,55.0,353.0,4.5,OLED
lg,55.0,353.0,4.5,OLED
lg,55.0,324.0,5.0,OLED
lg,55.0,324.0,5.0,OLED
lg,65.0,433.0,5.0,LED
lg,65.0,459.0,5.0,LED
lg,65.0,448.0,5.0,OLED
lg,65.0,630.0,3.5,OLED
lg,65.0,461.0,5.0,LED
lg,65.0,461.0,5.0,LED
lg,65.0,443.0,5.0,LED
lg,65.0,454.0,5.0,LED
lg,65.0,433.0,5.0,LED
lg,65.0,433.0,5.0,LED
lg,65.0,572.0,4.0,LED
lg,65.0,572.0,4.0,LED
lg,65.0,448.0,5.0,LED
lg,65.0,448.0,5.0,LED
lg,65.0,1054.0,1.0,LED
lg,65.0,528.0,4.0,LED
lg,65.0,404.0,5.5,LED
lg,65.0,404.0,5.5,LED
lg,65.0,707.0,3.0,LED
lg,65.0,707.0,3.0,LED
lg,65.0,528.0,4.0,LED
lg,65.0,528.0,4.0,LED
lg,65.0,528.0,4.0,LED
lg,65.0,528.0,4.0,LED
lg,65.0,532.0,4.0,LED
lg,65.0,572.0,4.0,LED
lg,65.0,440.0,5.0,LED
lg,65.0,601.0,3.5,LED
lg,65.0,805.0,2.5,LED
lg,65.0,422.0,5.0,LED
lg,65.0,440.0,5.0,LED
lg,65.0,433.0,5.0,LED
lg,65.0,528.0,4.0,LED
lg,65.0,440.0,5.0,LED
lg,65.0,528.0,4.0,LED
lg,65.0,528.0,4.0,LED
lg,65.0,433.0,5.0,LED
lg,65.0,433.0,5.0,LED
lg,65.0,543.0,4.0,LED
lg,65.0,543.0,4.0,LED
lg,65.0,532.0,4.0,LED
lg,65.0,419.0,5.0,LED
lg,65.0,557.0,4.0,LED
lg,65.0,776.0,2.5,LED
lg,65.0,776.0,2.5,LED
lg,65.0,466.0,4.5,LED
lg,65.0,557.0,4.0,LED
lg,65.0,532.0,4.0,LED
lg,65.0,484.0,4.5,LED
lg,65.0,484.0,4.5,LED
lg,65.0,532.0,4.0,LED
lg,65.0,422.0,5.0,LED
lg,65.0,419.0,5.0,LED
lg,65.0,543.0,4.0,LED
lg,65.0,433.0,5.0,LED
lg,65.0,433.0,5.0,LED
lg,65.0,466.0,4.5,LED
lg,65.0,466.0,4.5,LED
lg,65.0,466.0,4.5,LED
lg,65.0,459.0,5.0,LED
lg,65.0,459.0,5.0,LED
lg,65.0,466.0,4.5,LED
lg,65.0,466.0,4.5,LED
lg,65.0,466.0,4.5,LED
lg,65.0,459.0,5.0,LED
lg,65.0,419.0,5.0,LED
lg,65.0,400.0,5.5,LED
lg,65.0,240.0,7.0,LED
lg,65.0,207.0,8.0,LED
lg,65.0,400.0,5.5,LED
lg,65.0,400.0,5.5,LED
lg,65.0,441.0,5.0,LED
lg,65.0,441.0,5.0,LED
lg,65.0,441.0,5.0,LED
lg,65.0,433.0,5.0,LED
lg,65.0,459.0,5.0,LED
lg,65.0,528.0,4.0,LED
lg,65.0,419.0,5.0,LED
lg,65.0,441.0,5.0,LED
lg,65.0,441.0,5.0,LED
lg,65.0,207.0,8.0,LED
lg,65.0,386.0,5.5,LED
lg,65.0,386.0,5.5,LED
lg,65.0,433.0,5.0,LED
lg,65.0,433.0,5.0,LED
lg,65.0,360.0,6.0,LED
lg,65.0,360.0,6.0,LED
lg,65.0,360.0,6.0,LED
lg,65.0,459.0,5.0,OLED
lg,65.0,477.0,4.5,OLED
lg,65.0,477.0,4.5,OLED
lg,65.0,481.0,4.5,OLED
lg,65.0,481.0,4.5,OLED
lg,65.0,433.0,5.0,OLED
lg,65.0,433.0,5.0,OLED
lg,65.0,565.0,4.0,OLED
lg,65.0,459.0,5.0,OLED
lg,65.0,393.0,5.5,OLED
lg,65.0,393.0,5.5,OLED
lg,65.0,462.0,5.0,OLED
lg,65.0,411.0,5.5,OLED
lg,65.0,411.0,5.5,OLED
lg,65.0,400.0,5.5,OLED
lg,65.0,400.0,5.5,OLED
lg,65.0,462.0,5.0,OLED
lg,65.0,462.0,5.0,OLED
lg,65.0,462.0,5.0,OLED
lg,65.0,462.0,5.0,OLED
lg,65.0,462.0,5.0,OLED
lg,65.0,462.0,5.0,OLED
lg,65.0,462.0,5.0,OLED
lg,65.0,462.0,5.0,OLED
lg,65.0,462.0,5.0,OLED
lg,65.0,320.0,6.0,OLED
lg,65.0,378.0,5.5,OLED
lg,65.0,378.0,5.5,OLED
lg,65.0,444.0,5.0,OLED
lg,65.0,444.0,5.0,OLED
lg,65.0,411.0,5.5,OLED
lg,65.0,411.0,5.5,OLED
lg,65.0,532.0,4.0,OLED
lg,65.0,532.0,4.0,OLED
lg,65.0,400.0,5.5,OLED
lg,65.0,400.0,5.5,OLED
lg,65.0,539.0,4.0,OLED
lg,65.0,539.0,4.0,OLED
lg,65.0,448.0,5.0,OLED
lg,65.0,455.0,5.0,OLED
lg,65.0,455.0,5.0,OLED
lg,65.0,389.0,5.5,OLED
lg,65.0,389.0,5.5,OLED
lg,65.0,422.0,5.0,OLED
lg,65.0,422.0,5.0,OLED
lg,70.0,527.0,5.0,LED
lg,70.0,565.0,4.5,LED
lg,70.0,590.0,4.5,LED
lg,70.0,561.0,4.5,LED
lg,75.0,590.0,5.0,LED
lg,75.0,590.0,5.0,LED
lg,75.0,571.0,5.0,LED
lg,75.0,571.0,5.0,LED
lg,75.0,503.0,5.5,LED
lg,75.0,503.0,5.5,LED
lg,75.0,616.0,4.5,LED
lg,75.0,616.0,4.5,LED
lg,75.0,539.0,5.5,LED
lg,75.0,539.0,5.5,LED
lg,75.0,605.0,5.0,LED
lg,75.0,732.0,4.0,LED
lg,75.0,732.0,4.0,LED
lg,75.0,619.0,4.5,LED
lg,75.0,619.0,4.5,LED
lg,75.0,1174.0,2.0,LED
lg,75.0,667.0,4.5,LED
lg,75.0,667.0,4.5,LED
lg,75.0,627.0,4.5,LED
lg,75.0,904.0,3.0,LED
lg,75.0,594.0,5.0,LED
lg,75.0,703.0,4.0,LED
lg,75.0,659.0,4.5,LED
lg,75.0,514.0,5.5,LED
lg,75.0,579.0,5.0,LED
lg,75.0,579.0,5.0,LED
lg,75.0,663.0,4.5,LED
lg,75.0,663.0,4.5,LED
lg,75.0,492.0,5.5,LED
lg,75.0,492.0,5.5,LED
lg,75.0,630.0,4.5,LED
lg,75.0,605.0,5.0,LED
lg,75.0,605.0,5.0,LED
lg,75.0,619.0,4.5,LED
lg,75.0,462.0,6.0,LED
lg,75.0,849.0,3.5,LED
lg,75.0,849.0,3.5,LED
lg,75.0,605.0,5.0,LED
lg,75.0,630.0,4.5,LED
lg,75.0,627.0,4.5,LED
lg,75.0,587.0,5.0,LED
lg,75.0,587.0,5.0,LED
lg,75.0,605.0,5.0,LED
lg,75.0,514.0,5.5,LED
lg,75.0,477.0,6.0,LED
lg,75.0,605.0,5.0,LED
lg,75.0,492.0,5.5,LED
lg,75.0,492.0,5.5,LED
lg,75.0,605.0,5.0,LED
lg,75.0,550.0,5.0,LED
lg,75.0,550.0,5.0,LED
lg,75.0,605.0,5.0,LED
lg,75.0,605.0,5.0,LED
lg,75.0,605.0,5.0,LED
lg,75.0,605.0,5.0,LED
lg,75.0,550.0,5.0,LED
lg,75.0,462.0,6.0,LED
lg,75.0,477.0,6.0,LED
lg,75.0,258.0,8.0,LED
lg,75.0,462.0,6.0,LED
lg,75.0,462.0,6.0,LED
lg,75.0,605.0,5.0,LED
lg,75.0,605.0,5.0,LED
lg,75.0,492.0,5.5,LED
lg,75.0,550.0,5.0,LED
lg,75.0,492.0,5.5,LED
lg,75.0,550.0,5.0,LED
lg,75.0,663.0,4.5,LED
lg,75.0,462.0,6.0,LED
lg,75.0,605.0,5.0,LED
lg,75.0,605.0,5.0,LED
lg,75.0,605.0,5.0,LED
lg,75.0,605.0,5.0,LED
lg,75.0,605.0,5.0,LED
lg,75.0,389.0,7.0,LED
lg,75.0,389.0,7.0,LED
lg,75.0,389.0,7.0,LED
lg,75.0,389.0,7.0,LED
lg,77.0,524.0,5.5,OLED
lg,77.0,565.0,5.5,OLED
lg,77.0,987.0,3.0,OLED
lg,77.0,638.0,5.0,OLED
lg,77.0,638.0,5.0,OLED
lg,77.0,619.0,5.0,OLED
lg,77.0,619.0,5.0,OLED
lg,77.0,995.0,3.0,OLED
lg,77.0,513.0,6.0,OLED
lg,77.0,513.0,6.0,OLED
lg,77.0,557.0,5.5,OLED
lg,77.0,557.0,5.5,OLED
lg,77.0,462.0,6.0,OLED
lg,77.0,959.0,3.0,OLED
lg,77.0,572.0,5.5,OLED
lg,77.0,572.0,5.5,OLED
lg,77.0,579.0,5.0,OLED
lg,77.0,579.0,5.0,OLED
lg,77.0,561.0,5.5,OLED
lg,77.0,561.0,5.5,OLED
lg,77.0,718.0,4.5,OLED
lg,77.0,718.0,4.5,OLED
lg,77.0,871.0,3.5,OLED
lg,77.0,791.0,4.0,OLED
lg,77.0,714.0,4.5,OLED
lg,77.0,714.0,4.5,OLED
lg,77.0,524.0,5.5,OLED
lg,77.0,565.0,5.5,OLED
lg,77.0,806.0,4.0,OLED
lg,77.0,597.0,5.0,OLED
lg,77.0,597.0,5.0,OLED
lg,77.0,561.0,5.5,OLED
lg,77.0,561.0,5.5,OLED
lg,77.0,495.0,6.0,OLED
lg,77.0,495.0,6.0,OLED
lg,82.0,773.0,4.5,LED
lg,83.0,795.0,4.5,OLED
lg,83.0,732.0,5.0,OLED
lg,83.0,732.0,5.0,OLED
lg,83.0,656.0,5.5,OLED
lg,83.0,656.0,5.5,OLED
lg,83.0,663.0,5.5,OLED
lg,83.0,663.0,5.5,OLED
lg,83.0,656.0,5.5,OLED
lg,83.0,656.0,5.5,OLED
lg,83.0,663.0,5.5,OLED
lg,83.0,663.0,5.5,OLED
lg,83.0,776.0,4.5,OLED
lg,83.0,795.0,4.5,OLED
lg,83.0,707.0,5.0,OLED
lg,83.0,707.0,5.0,OLED
lg,83.0,886.0,4.0,OLED
lg,83.0,692.0,5.0,OLED
lg,83.0,692.0,5.0,OLED
lg,83.0,692.0,5.0,OLED
lg,83.0,692.0,5.0,OLED
lg,86.0,937.0,4.0,LED
lg,86.0,937.0,4.0,LED
lg,86.0,937.0,4.0,LED
lg,86.0,937.0,4.0,LED
lg,86.0,915.0,4.0,LED
lg,86.0,915.0,4.0,LED
lg,86.0,915.0,4.0,LED
lg,86.0,915.0,4.0,LED
lg,86.0,1660.0,1.5,LED
lg,86.0,1280.0,2.5,LED
lg,86.0,776.0,5.0,LED
lg,86.0,882.0,4.5,LED
lg,86.0,674.0,5.5,LED
lg,86.0,674.0,5.5,LED
lg,86.0,915.0,4.0,LED
lg,86.0,915.0,4.0,LED
lg,86.0,915.0,4.0,LED
lg,86.0,725.0,5.0,LED
lg,86.0,725.0,5.0,LED
lg,86.0,915.0,4.0,LED
lg,86.0,1200.0,3.0,LED
lg,86.0,1200.0,3.0,LED
lg,86.0,915.0,4.0,LED
lg,86.0,754.0,5.0,LED
lg,86.0,754.0,5.0,LED
lg,86.0,915.0,4.0,LED
lg,86.0,725.0,5.0,LED
lg,86.0,725.0,5.0,LED
lg,86.0,915.0,4.0,LED
lg,86.0,754.0,5.0,LED
lg,86.0,754.0,5.0,LED
lg,86.0,915.0,4.0,LED
lg,86.0,915.0,4.0,LED
lg,86.0,915.0,4.0,LED
lg,86.0,915.0,4.0,LED
lg,86.0,754.0,5.0,LED
lg,86.0,776.0,5.0,LED
lg,86.0,776.0,5.0,LED
lg,86.0,776.0,5.0,LED
lg,86.0,754.0,5.0,LED
lg,86.0,776.0,5.0,LED
lg,86.0,776.0,5.0,LED
lg,86.0,776.0,5.0,LED
lg,86.0,776.0,5.0,LED
lg,86.0,484.0,7.0,LED
lg,86.0,484.0,7.0,LED
lg,86.0,484.0,7.0,LED
lg,86.0,506.0,7.0,LED
lg,86.0,506.0,7.0,LED
lg,86.0,572.0,6.0,LED
lg,86.0,572.0,6.0,LED
lg,86.0,754.0,5.0,LED
lg,86.0,915.0,4.0,LED
lg,86.0,565.0,6.0,LED
lg,86.0,565.0,6.0,LED
lg,88.0,1276.0,3.0,OLED
lg,88.0,1276.0,3.0,OLED
lg,88.0,1170.0,3.0,OLED
lg,88.0,1171.0,3.0,OLED
lg,88.0,1171.0,3.0,OLED
lg,97.0,802.0,6.0,OLED
lg,97.0,802.0,6.0,OLED
lg,97.0,944.0,5.0,OLED
lg,97.0,802.0,6.0,OLED
lg,97.0,802.0,6.0,OLED
lg,97.0,893.0,5.5,OLED
lg,97.0,893.0,5.5,OLED
lg,98.0,999.0,5.0,LED
lg,98.0,999.0,5.0,LED
lg,98.0,999.0,5.0,LED
lg,98.0,999.0,5.0,LED
lg,98.0,1434.0,3.5,LED
lg,98.0,1434.0,3.5,LED
lg,98.0,1434.0,3.5,LED
lg,98.0,1434.0,3.5,LED
lg,98.0,1434.0,3.5,LED
lg,98.0,1434.0,3.5,LED
linsar,24.0,68.0,6.0,LCD
linsar,24.0,67.0,6.0,LCD
linsar,32.0,105.0,6.0,LCD
linsar,32.0,102.0,6.0,LED
linsar,32.0,89.0,6.0,LCD
linsar,32.0,101.0,6.0,LCD
linsar,32.0,99.0,6.0,LCD
linsar,40.0,144.0,6.0,LED
linsar,40.0,151.0,6.0,LCD
linsar,40.0,151.0,6.0,LCD
linsar,43.0,172.0,6.0,LCD
linsar,49.0,220.0,6.0,LCD
linsar,49.0,225.0,6.0,LCD
linsar,49.0,225.0,6.0,LED
linsar,50.0,210.0,6.0,LED
linsar,55.0,272.0,6.0,LCD
linsar,55.0,272.0,6.0,LCD
linsar,55.0,256.0,6.0,LED
linsar,58.0,298.0,6.0,LCD
linsar,60.0,299.0,6.0,LCD
linsar,60.0,320.0,6.0,LCD
linsar,65.0,370.0,6.0,LCD
linsar,65.0,367.0,6.0,LED
linsar,65.0,360.0,6.0,LCD
linsar,65.0,352.0,6.0,LED
linsar,70.0,364.0,6.0,LED
linsar,70.0,395.0,6.0,LED
linsar,74.0,480.0,6.0,LCD
linsar,75.0,469.0,6.0,LED
linsar,75.0,480.0,6.0,LED
linsar,82.0,651.0,5.5,LED
linsar,82.0,626.0,5.5,LCD
linsar,82.0,630.0,5.5,LCD
linsar,85.0,600.0,6.0,LCD
linsar,85.0,610.0,6.0,LCD
linsar,86.0,630.0,6.0,LCD
linsar,98.0,823.0,6.0,LCD
loewe,32.0,127.0,5.0,LED
loewe,32.0,127.0,5.0,LED
loewe,32.0,127.0,5.0,LED
loewe,42.0,243.0,4.0,LED
loewe,42.0,243.0,4.0,LED
loewe,42.0,243.0,4.0,LED
loewe,48.0,274.0,4.5,OLED
loewe,49.0,251.0,5.5,LED
loewe,55.0,309.0,5.0,LED
loewe,55.0,354.0,4.5,OLED
loewe,65.0,418.0,5.0,OLED
loewe,65.0,517.0,4.5,OLED
loewe,76.0,395.0,7.0,OLED
loewe,77.0,833.0,3.5,OLED
lsp tv,19.0,60.0,5.0,LED
metz,32.0,115.0,5.5,LED
metz,40.0,122.0,7.0,LED
metz,55.0,424.0,4.0,OLED
metz,65.0,586.0,4.0,OLED
metz,86.0,893.0,4.5,LED
mitsumaru,32.0,131.0,5.0,LED
monster,24.0,66.0,6.0,LED
monster,32.0,90.0,6.0,LCD
myvi,24.0,85.0,5.0,LED
myvi,24.0,95.0,4.5,LED
myvi,24.0,85.0,5.0,LCD
palsonic,39.0,175.0,5.0,LED
palsonic,55.0,300.0,5.5,LED
palsonic,65.0,439.0,5.0,LED
philips,19.0,61.0,5.0,LED
philips,19.0,61.0,5.0,LED
philips,19.0,62.0,5.0,LED
philips,23.0,65.0,6.0,LED
philips,24.0,69.0,5.5,LED
philips,32.0,145.0,4.5,LED
philips,32.0,141.0,4.5,LED
philips,32.0,141.0,4.5,LED
philips,32.0,141.0,4.5,LED
philips,32.0,141.0,4.5,LED
philips,32.0,141.0,4.5,LED
philips,32.0,141.0,4.5,LED
philips,32.0,146.0,4.5,LED
philips,32.0,105.0,6.0,LED
philips,32.0,106.0,5.5,LED
philips,32.0,114.0,5.5,LED
philips,40.0,167.0,5.5,LED
philips,42.0,244.0,4.0,LED
philips,42.0,244.0,4.0,LED
philips,42.0,244.0,4.0,LED
philips,42.0,270.0,4.0,LED
philips,42.0,270.0,4.0,LED
philips,42.0,270.0,4.0,LED
philips,42.0,206.0,5.0,LED
philips,42.0,170.0,6.0,LED
philips,42.0,334.0,3.0,LED
philips,42.0,327.0,3.0,LED
philips,42.0,155.0,6.0,LED
philips,43.0,208.0,5.0,LED
philips,43.0,208.0,5.0,LED
philips,43.0,234.0,4.5,LCD
philips,43.0,270.0,4.0,LED
philips,43.0,270.0,4.0,LED
philips,43.0,270.0,4.0,LED
philips,43.0,226.0,4.5,LED
philips,43.0,216.0,5.0,LED
philips,43.0,160.0,6.0,LED
philips,48.0,175.0,7.0,LED
philips,49.0,329.0,4.0,LED
philips,49.0,329.0,4.0,LED
philips,49.0,248.0,5.5,LED
philips,49.0,248.0,5.5,LED
philips,49.0,329.0,4.0,LED
philips,49.0,400.0,3.0,LED
philips,49.0,400.0,3.0,LED
philips,49.0,269.0,5.0,LED
philips,49.0,262.0,5.0,LED
philips,49.0,266.0,5.0,LED
philips,49.0,266.0,5.0,LED
philips,50.0,386.0,3.5,LED
philips,50.0,375.0,3.5,LED
philips,50.0,376.0,3.5,LED
philips,50.0,376.0,3.5,LED
philips,50.0,253.0,5.5,LED
philips,50.0,253.0,5.5,LED
philips,50.0,259.0,5.0,LED
philips,55.0,411.0,4.0,LED
philips,55.0,280.0,5.5,LCD
philips,55.0,327.0,5.0,LED
philips,55.0,327.0,5.0,LED
philips,55.0,327.0,5.0,LED
philips,55.0,370.0,4.5,LED
philips,55.0,319.0,5.0,LED
philips,55.0,238.0,6.0,LED
philips,55.0,426.0,4.0,LED
philips,55.0,426.0,4.0,LED
philips,55.0,286.0,5.5,LED
philips,55.0,286.0,5.5,LED
philips,55.0,596.0,2.5,LED
philips,55.0,596.0,2.5,LED
philips,55.0,470.0,3.5,LED
philips,55.0,404.0,4.0,LED
philips,55.0,514.0,3.0,LED
philips,55.0,381.0,4.5,LED
philips,55.0,381.0,4.5,LED
philips,55.0,293.0,5.5,LED
philips,55.0,293.0,5.5,LED
philips,55.0,365.0,4.5,LED
philips,55.0,413.0,4.0,LED
philips,55.0,413.0,4.0,LED
philips,55.0,551.0,2.5,LED
philips,55.0,551.0,2.5,LED
philips,55.0,321.0,5.0,LED
philips,55.0,654.0,2.0,OLED
philips,55.0,829.0,1.0,OLED
philips,55.0,400.0,4.0,OLED
philips,55.0,400.0,4.0,OLED
philips,55.0,202.0,7.0,LED
philips,58.0,376.0,5.0,LED
philips,58.0,322.0,5.5,LED
philips,58.0,294.0,6.0,LED
philips,64.0,483.0,4.5,LED
philips,65.0,813.0,2.5,LCD
philips,65.0,409.0,5.5,LED
philips,65.0,295.0,7.0,LED
philips,65.0,488.0,4.5,LED
philips,65.0,645.0,3.5,LED
philips,65.0,442.0,5.0,LCD
philips,65.0,442.0,5.0,LCD
philips,65.0,442.0,5.0,LCD
philips,65.0,464.0,5.0,LED
philips,65.0,399.0,5.5,LED
philips,65.0,379.0,5.5,LED
philips,65.0,518.0,4.5,LED
philips,65.0,518.0,4.5,LED
philips,65.0,382.0,5.5,LED
philips,65.0,382.0,5.5,LED
philips,65.0,725.0,3.0,LED
philips,65.0,725.0,3.0,LED
philips,65.0,381.0,5.5,LED
philips,65.0,469.0,4.5,LED
philips,65.0,469.0,4.5,LED
philips,65.0,481.0,4.5,LED
philips,65.0,523.0,4.0,LED
philips,65.0,523.0,4.0,LED
philips,65.0,574.0,4.0,LED
philips,65.0,574.0,4.0,LED
philips,65.0,1011.0,1.5,OLED
philips,65.0,463.0,5.0,OLED
philips,65.0,463.0,5.0,OLED
philips,65.0,462.0,5.0,LED
philips,70.0,516.0,5.0,LCD
philips,70.0,590.0,4.5,LED
philips,70.0,590.0,4.5,LED
philips,70.0,590.0,4.5,LED
philips,70.0,544.0,4.5,LED
philips,70.0,589.0,4.5,LED
philips,70.0,589.0,4.5,LED
philips,70.0,528.0,5.0,LED
philips,75.0,451.0,6.0,LED
philips,75.0,785.0,3.5,LED
philips,75.0,785.0,3.5,LED
philips,75.0,667.0,4.5,LED
philips,75.0,587.0,5.0,LED
philips,75.0,682.0,4.5,LED
philips,75.0,682.0,4.5,LED
philips,75.0,443.0,6.0,LED
philips,75.0,478.0,6.0,LCD
philips,75.0,478.0,6.0,LCD
philips,75.0,478.0,6.0,LCD
philips,75.0,537.0,5.5,LED
philips,75.0,537.0,5.5,LED
philips,75.0,617.0,4.5,LED
philips,75.0,617.0,4.5,LED
philips,75.0,580.0,5.0,LED
philips,75.0,580.0,5.0,LED
philips,75.0,450.0,6.0,LED
philips,78.0,798.0,4.0,OLED
philips,85.0,463.0,7.0,LED
philips,86.0,963.0,4.0,LED
philips,86.0,882.0,4.5,LED
polaroid,24.0,68.0,6.0,LED
polaroid,31.0,104.0,6.0,LCD
polaroid,32.0,98.0,6.0,LED
polaroid,32.0,99.0,6.0,LCD
polaroid,32.0,105.0,6.0,LCD
polaroid,32.0,103.0,6.0,LCD
polaroid,39.0,149.0,6.0,LCD
polaroid,40.0,151.0,6.0,LCD
polaroid,40.0,151.0,6.0,LCD
polaroid,50.0,202.0,6.0,LED
polaroid,54.0,254.0,6.0,LCD
polaroid,55.0,294.0,5.5,LCD
polaroid,55.0,273.0,6.0,LED
polaroid,64.0,370.0,6.0,LCD
polaroid,64.0,370.0,6.0,LCD
polaroid,65.0,367.0,6.0,LED
polaroid,70.0,397.0,6.0,LCD
prism+,55.0,424.0,4.0,LED
prism+,55.0,304.0,5.5,LED
prism+,55.0,320.0,5.0,LED
prism+,65.0,400.0,5.5,LED
prism+,65.0,465.0,5.0,LED
prism+,65.0,450.0,5.0,LED
prism+,75.0,580.0,5.0,LED
prism+,75.0,670.0,4.5,LED
qbell,32.0,131.0,5.0,LED
qbell,32.0,131.0,5.0,LED
qbell,40.0,189.0,5.0,LED
qbell,50.0,400.0,3.0,LED
qbell,50.0,284.0,5.0,LED
qbell,55.0,339.0,5.0,LCD
qbell,70.0,550.0,4.5,LED
qbell,70.0,690.0,3.5,LED
s vision,55.0,379.0,4.5,LED
samsung,31.0,134.0,4.5,LED
samsung,31.0,134.0,4.5,LED
samsung,31.0,134.0,4.5,LED
samsung,31.0,116.0,5.5,LED
samsung,31.0,116.0,5.5,LED
samsung,31.0,116.0,5.5,LED
samsung,31.0,145.0,4.5,LED
samsung,31.0,145.0,4.5,LED
samsung,31.0,145.0,4.5,LED
samsung,31.0,145.0,4.5,LED
samsung,31.0,160.0,4.0,LED
samsung,32.0,182.0,3.5,LED
samsung,32.0,182.0,3.5,LED
samsung,32.0,182.0,3.5,LED
samsung,39.0,218.0,4.0,LED
samsung,42.0,259.0,4.0,LED
samsung,42.0,255.0,4.0,LED
samsung,42.0,255.0,4.0,LED
samsung,42.0,255.0,4.0,LED
samsung,42.0,255.0,4.0,LED
samsung,42.0,255.0,4.0,LED
samsung,42.0,284.0,3.5,LED
samsung,42.0,284.0,3.5,LED
samsung,42.0,284.0,3.5,LED
samsung,42.0,284.0,3.5,LED
samsung,42.0,332.0,3.0,LED
samsung,42.0,332.0,3.0,LED
samsung,42.0,332.0,3.0,LED
samsung,42.0,353.0,2.5,LED
samsung,42.0,353.0,2.5,LED
samsung,42.0,353.0,2.5,LED
samsung,42.0,255.0,4.0,LED
samsung,42.0,332.0,3.0,LED
samsung,42.0,255.0,4.0,LED
samsung,42.0,255.0,4.0,LED
samsung,42.0,255.0,4.0,LED
samsung,42.0,353.0,2.5,LED
samsung,42.0,255.0,4.0,LED
samsung,42.0,255.0,4.0,LED
samsung,42.0,339.0,3.0,LED
samsung,42.0,339.0,3.0,LED
samsung,42.0,364.0,2.5,LED
samsung,42.0,255.0,4.0,LED
samsung,42.0,255.0,4.0,LED
samsung,42.0,255.0,4.0,LED
samsung,42.0,259.0,4.0,LED
samsung,42.0,259.0,4.0,LED
samsung,42.0,259.0,4.0,LED
samsung,42.0,255.0,4.0,LED
samsung,42.0,255.0,4.0,LED
samsung,42.0,266.0,4.0,LED
samsung,43.0,237.0,4.5,LED
samsung,43.0,255.0,4.0,LED
samsung,43.0,270.0,4.0,LED
samsung,43.0,270.0,4.0,LED
samsung,43.0,270.0,4.0,LED
samsung,43.0,270.0,4.0,LED
samsung,43.0,364.0,2.5,LED
samsung,43.0,364.0,2.5,LED
samsung,43.0,364.0,2.5,LED
samsung,43.0,339.0,3.0,LED
samsung,43.0,339.0,3.0,LED
samsung,43.0,339.0,3.0,LED
samsung,43.0,302.0,3.5,LED
samsung,43.0,302.0,3.5,LED
samsung,43.0,302.0,3.5,LED
samsung,43.0,302.0,3.5,LED
samsung,43.0,251.0,4.0,LED
samsung,43.0,259.0,4.0,LED
samsung,43.0,259.0,4.0,LED
samsung,43.0,259.0,4.0,LED
samsung,43.0,306.0,3.0,LED
samsung,43.0,306.0,3.0,LED
samsung,43.0,306.0,3.0,LED
samsung,43.0,306.0,3.0,LED
samsung,43.0,270.0,4.0,LED
samsung,43.0,259.0,4.0,LED
samsung,43.0,259.0,4.0,LED
samsung,43.0,259.0,4.0,LED
samsung,43.0,259.0,4.0,LED
samsung,43.0,259.0,4.0,LED
samsung,43.0,259.0,4.0,LED
samsung,43.0,259.0,4.0,LED
samsung,43.0,259.0,4.0,LED
samsung,43.0,259.0,4.0,LED
samsung,43.0,259.0,4.0,LED
samsung,43.0,259.0,4.0,LED
samsung,43.0,259.0,4.0,LED
samsung,43.0,259.0,4.0,LED
samsung,43.0,259.0,4.0,LED
samsung,43.0,259.0,4.0,LED
samsung,43.0,259.0,4.0,LED
samsung,43.0,259.0,4.0,LED
samsung,43.0,259.0,4.0,LED
samsung,43.0,233.0,4.5,LED
samsung,43.0,233.0,4.5,LED
samsung,43.0,233.0,4.5,LED
samsung,43.0,237.0,4.5,LED
samsung,43.0,237.0,4.5,LED
samsung,43.0,237.0,4.5,LED
samsung,43.0,339.0,3.0,LED
samsung,43.0,339.0,3.0,LED
samsung,43.0,339.0,3.0,LED
samsung,43.0,262.0,4.0,LED
samsung,43.0,262.0,4.0,LED
samsung,43.0,262.0,4.0,LED
samsung,43.0,262.0,4.0,LED
samsung,43.0,251.0,4.0,LED
samsung,43.0,291.0,3.5,LED
samsung,43.0,291.0,3.5,LED
samsung,43.0,291.0,3.5,LED
samsung,43.0,251.0,4.0,LED
samsung,43.0,251.0,4.0,LED
samsung,43.0,251.0,4.0,LED
samsung,43.0,251.0,4.0,LED
samsung,43.0,262.0,4.0,LED
samsung,43.0,262.0,4.0,LED
samsung,43.0,262.0,4.0,LED
samsung,48.0,295.0,4.5,LED
samsung,49.0,375.0,3.5,LED
samsung,49.0,375.0,3.5,LED
samsung,49.0,375.0,3.5,LED
samsung,49.0,335.0,4.0,LED
samsung,49.0,335.0,4.0,LED
samsung,49.0,470.0,2.5,LED
samsung,49.0,470.0,2.5,LED
samsung,49.0,470.0,2.5,LED
samsung,49.0,335.0,4.0,LED
samsung,49.0,299.0,4.5,LED
samsung,49.0,470.0,2.5,LED
samsung,49.0,313.0,4.5,LED
samsung,49.0,335.0,4.0,LED
samsung,49.0,313.0,4.5,LED
samsung,49.0,291.0,4.5,LED
samsung,49.0,291.0,4.5,LED
samsung,49.0,353.0,4.0,LED
samsung,49.0,353.0,4.0,LED
samsung,49.0,339.0,4.0,LED
samsung,49.0,397.0,3.5,LED
samsung,49.0,397.0,3.5,LED
samsung,49.0,397.0,3.5,LED
samsung,49.0,335.0,4.0,LED
samsung,49.0,335.0,4.0,LED
samsung,49.0,335.0,4.0,LED
samsung,49.0,335.0,4.0,LED
samsung,49.0,335.0,4.0,LED
samsung,49.0,335.0,4.0,LED
samsung,49.0,470.0,2.5,LED
samsung,49.0,335.0,4.0,LED
samsung,49.0,339.0,4.0,LED
samsung,49.0,339.0,4.0,LED
samsung,49.0,339.0,4.0,LED
samsung,49.0,288.0,4.5,LED
samsung,49.0,302.0,4.5,LED
samsung,49.0,335.0,4.0,LED
samsung,49.0,335.0,4.0,LED
samsung,49.0,335.0,4.0,LED
samsung,49.0,313.0,4.5,LED
samsung,49.0,262.0,5.0,LED
samsung,49.0,346.0,4.0,LED
samsung,49.0,346.0,4.0,LED
samsung,49.0,346.0,4.0,LED
samsung,49.0,346.0,4.0,LED
samsung,49.0,412.0,3.0,LED
samsung,49.0,412.0,3.0,LED
samsung,49.0,412.0,3.0,LED
samsung,49.0,353.0,4.0,LED
samsung,49.0,353.0,4.0,LED
samsung,49.0,353.0,4.0,LED
samsung,49.0,507.0,2.0,LED
samsung,49.0,291.0,4.5,LED
samsung,49.0,295.0,4.5,LED
samsung,49.0,295.0,4.5,LED
samsung,49.0,295.0,4.5,LED
samsung,49.0,346.0,4.0,LED
samsung,49.0,295.0,4.5,LED
samsung,49.0,280.0,5.0,LED
samsung,49.0,280.0,5.0,LED
samsung,49.0,280.0,5.0,LED
samsung,49.0,346.0,4.0,LED
samsung,49.0,346.0,4.0,LED
samsung,49.0,346.0,4.0,LED
samsung,49.0,295.0,4.5,LED
samsung,49.0,295.0,4.5,LED
samsung,49.0,295.0,4.5,LED
samsung,49.0,280.0,5.0,LED
samsung,49.0,295.0,4.5,LED
samsung,49.0,295.0,4.5,LED
samsung,49.0,295.0,4.5,LED
samsung,49.0,295.0,4.5,LED
samsung,49.0,244.0,5.5,LED
samsung,49.0,244.0,5.5,LED
samsung,49.0,244.0,5.5,LED
samsung,49.0,299.0,4.5,LED
samsung,49.0,299.0,4.5,LED
samsung,49.0,299.0,4.5,LED
samsung,49.0,302.0,4.5,LED
samsung,49.0,302.0,4.5,LED
samsung,49.0,302.0,4.5,LED
samsung,49.0,343.0,4.0,LED
samsung,49.0,343.0,4.0,LED
samsung,49.0,343.0,4.0,LED
samsung,49.0,270.0,5.0,LED
samsung,49.0,262.0,5.0,LED
samsung,49.0,262.0,5.0,LED
samsung,49.0,262.0,5.0,LED
samsung,49.0,262.0,5.0,LED
samsung,49.0,262.0,5.0,LED
samsung,49.0,262.0,5.0,LED
samsung,49.0,343.0,4.0,LED
samsung,49.0,306.0,4.5,LED
samsung,49.0,306.0,4.5,LED
samsung,49.0,306.0,4.5,LED
samsung,50.0,353.0,4.0,LED
samsung,50.0,328.0,4.0,LED
samsung,50.0,328.0,4.0,LED
samsung,50.0,328.0,4.0,LED
samsung,50.0,328.0,4.0,LED
samsung,50.0,343.0,4.0,LED
samsung,50.0,306.0,4.5,LED
samsung,50.0,306.0,4.5,LED
samsung,50.0,306.0,4.5,LED
samsung,50.0,306.0,4.5,LED
samsung,55.0,795.0,1.0,LED
samsung,55.0,795.0,1.0,LED
samsung,55.0,795.0,1.0,LED
samsung,55.0,565.0,2.5,LED
samsung,55.0,565.0,2.5,LED
samsung,55.0,503.0,3.0,LED
samsung,55.0,503.0,3.0,LED
samsung,55.0,412.0,4.0,LED
samsung,55.0,485.0,3.0,LED
samsung,55.0,485.0,3.0,LED
samsung,55.0,485.0,3.0,LED
samsung,55.0,543.0,2.5,LED
samsung,55.0,543.0,2.5,LED
samsung,55.0,543.0,2.5,LED
samsung,55.0,310.0,5.0,LED
samsung,55.0,310.0,5.0,LED
samsung,55.0,310.0,5.0,LED
samsung,55.0,412.0,4.0,LED
samsung,55.0,412.0,4.0,LED
samsung,55.0,310.0,5.0,LED
samsung,55.0,408.0,4.0,LED
samsung,55.0,408.0,4.0,LED
samsung,55.0,408.0,4.0,LED
samsung,55.0,726.0,1.5,LED
samsung,55.0,310.0,5.0,LED
samsung,55.0,514.0,3.0,LED
samsung,55.0,514.0,3.0,LED
samsung,55.0,335.0,5.0,LED
samsung,55.0,284.0,5.5,LED
samsung,55.0,419.0,4.0,LED
samsung,55.0,419.0,4.0,LED
samsung,55.0,419.0,4.0,LED
samsung,55.0,416.0,4.0,LED
samsung,55.0,416.0,4.0,LED
samsung,55.0,416.0,4.0,LED
samsung,55.0,416.0,4.0,LED
samsung,55.0,594.0,2.5,LED
samsung,55.0,594.0,2.5,LED
samsung,55.0,594.0,2.5,LED
samsung,55.0,514.0,3.0,LED
samsung,55.0,514.0,3.0,LED
samsung,55.0,514.0,3.0,LED
samsung,55.0,499.0,3.0,LED
samsung,55.0,499.0,3.0,LED
samsung,55.0,499.0,3.0,LED
samsung,55.0,635.0,2.0,LED
samsung,55.0,635.0,2.0,LED
samsung,55.0,635.0,2.0,LED
samsung,55.0,817.0,1.0,LED
samsung,55.0,426.0,4.0,LED
samsung,55.0,426.0,4.0,LED
samsung,55.0,426.0,4.0,LED
samsung,55.0,426.0,4.0,LED
samsung,55.0,580.0,2.5,LED
samsung,55.0,580.0,2.5,LED
samsung,55.0,580.0,2.5,LED
samsung,55.0,317.0,5.0,LED
samsung,55.0,321.0,5.0,LED
samsung,55.0,321.0,5.0,LED
samsung,55.0,321.0,5.0,LED
samsung,55.0,321.0,5.0,LED
samsung,55.0,521.0,3.0,LED
samsung,55.0,521.0,3.0,LED
samsung,55.0,521.0,3.0,LED
samsung,55.0,416.0,4.0,LED
samsung,55.0,321.0,5.0,LED
samsung,55.0,321.0,5.0,LED
samsung,55.0,321.0,5.0,LED
samsung,55.0,321.0,5.0,LED
samsung,55.0,321.0,5.0,LED
samsung,55.0,416.0,4.0,LED
samsung,55.0,416.0,4.0,LED
samsung,55.0,416.0,4.0,LED
samsung,55.0,361.0,4.5,LED
samsung,55.0,361.0,4.5,LED
samsung,55.0,361.0,4.5,LED
samsung,55.0,361.0,4.5,LED
samsung,55.0,412.0,4.0,LED
samsung,55.0,412.0,4.0,LED
samsung,55.0,412.0,4.0,LED
samsung,55.0,419.0,4.0,LED
samsung,55.0,419.0,4.0,LED
samsung,55.0,419.0,4.0,LED
samsung,55.0,616.0,2.0,LED
samsung,55.0,416.0,4.0,LED
samsung,55.0,416.0,4.0,LED
samsung,55.0,416.0,4.0,LED
samsung,55.0,416.0,4.0,LED
samsung,55.0,416.0,4.0,LED
samsung,55.0,416.0,4.0,LED
samsung,55.0,299.0,5.5,LED
samsung,55.0,299.0,5.5,LED
samsung,55.0,299.0,5.5,LED
samsung,55.0,302.0,5.5,LED
samsung,55.0,299.0,5.5,LED
samsung,55.0,299.0,5.5,LED
samsung,55.0,299.0,5.5,LED
samsung,55.0,299.0,5.5,LED
samsung,55.0,419.0,4.0,LED
samsung,55.0,419.0,4.0,LED
samsung,55.0,419.0,4.0,LED
samsung,55.0,412.0,4.0,LED
samsung,55.0,412.0,4.0,LED
samsung,55.0,412.0,4.0,LED
samsung,55.0,273.0,6.0,LED
samsung,55.0,273.0,6.0,LED
samsung,55.0,273.0,6.0,LED
samsung,55.0,273.0,6.0,LED
samsung,55.0,273.0,6.0,LED
samsung,55.0,397.0,4.0,LED
samsung,55.0,397.0,4.0,LED
samsung,55.0,397.0,4.0,LED
samsung,55.0,405.0,4.0,LED
samsung,55.0,405.0,4.0,LED
samsung,55.0,405.0,4.0,LED
samsung,55.0,397.0,4.0,LED
samsung,55.0,397.0,4.0,LED
samsung,55.0,397.0,4.0,LED
samsung,55.0,288.0,5.5,LED
samsung,55.0,412.0,4.0,LED
samsung,55.0,412.0,4.0,LED
samsung,55.0,412.0,4.0,LED
samsung,55.0,401.0,4.0,LED
samsung,55.0,401.0,4.0,LED
samsung,55.0,401.0,4.0,LED
samsung,55.0,437.0,3.5,LED
samsung,55.0,437.0,3.5,LED
samsung,55.0,437.0,3.5,LED
samsung,55.0,401.0,4.0,LED
samsung,55.0,401.0,4.0,LED
samsung,55.0,401.0,4.0,LED
samsung,55.0,291.0,5.5,LED
samsung,55.0,291.0,5.5,LED
samsung,55.0,291.0,5.5,LED
samsung,55.0,291.0,5.5,LED
samsung,55.0,291.0,5.5,LED
samsung,55.0,357.0,4.5,LED
samsung,55.0,357.0,4.5,LED
samsung,55.0,357.0,4.5,LED
samsung,55.0,357.0,4.5,LED
samsung,55.0,291.0,5.5,LED
samsung,55.0,328.0,5.0,LED
samsung,55.0,328.0,5.0,LED
samsung,55.0,328.0,5.0,LED
samsung,55.0,755.0,1.0,LED
samsung,55.0,755.0,1.0,LED
samsung,55.0,755.0,1.0,LED
samsung,55.0,357.0,4.5,LED
samsung,55.0,357.0,4.5,LED
samsung,55.0,357.0,4.5,LED
samsung,55.0,321.0,5.0,LED
samsung,55.0,321.0,5.0,LED
samsung,55.0,321.0,5.0,LED
samsung,55.0,339.0,5.0,LED
samsung,55.0,339.0,5.0,LED
samsung,55.0,412.0,4.0,LED
samsung,55.0,412.0,4.0,LED
samsung,55.0,412.0,4.0,LED
samsung,55.0,412.0,4.0,LED
samsung,55.0,405.0,4.0,LED
samsung,55.0,405.0,4.0,LED
samsung,55.0,405.0,4.0,LED
samsung,55.0,554.0,2.5,LED
samsung,55.0,554.0,2.5,LED
samsung,55.0,554.0,2.5,LED
samsung,55.0,496.0,3.0,LED
samsung,55.0,496.0,3.0,LED
samsung,55.0,496.0,3.0,LED
samsung,55.0,554.0,2.5,LED
samsung,55.0,554.0,2.5,LED
samsung,55.0,554.0,2.5,LED
samsung,55.0,339.0,5.0,LED
samsung,55.0,496.0,3.0,LED
samsung,55.0,335.0,5.0,LED
samsung,55.0,339.0,5.0,LED
samsung,55.0,335.0,5.0,LED
samsung,55.0,313.0,5.0,LED
samsung,55.0,313.0,5.0,LED
samsung,55.0,324.0,5.0,LED
samsung,55.0,324.0,5.0,LED
samsung,55.0,375.0,4.5,LED
samsung,55.0,375.0,4.5,LED
samsung,55.0,375.0,4.5,LED
samsung,57.0,343.0,5.0,LED
samsung,57.0,343.0,5.0,LED
samsung,57.0,343.0,5.0,LED
samsung,57.0,343.0,5.0,LED
samsung,57.0,343.0,5.0,LED
samsung,57.0,343.0,5.0,LED
samsung,57.0,346.0,5.0,LED
samsung,57.0,346.0,5.0,LED
samsung,57.0,346.0,5.0,LED
samsung,60.0,430.0,4.5,LED
samsung,60.0,383.0,5.0,LED
samsung,64.0,992.0,1.5,LED
samsung,64.0,992.0,1.5,LED
samsung,64.0,992.0,1.5,LED
samsung,64.0,558.0,4.0,LED
samsung,64.0,558.0,4.0,LED
samsung,64.0,565.0,4.0,LED
samsung,64.0,565.0,4.0,LED
samsung,64.0,1127.0,1.0,LED
samsung,64.0,1127.0,1.0,LED
samsung,64.0,1127.0,1.0,LED
samsung,64.0,1087.0,1.0,LED
samsung,64.0,1087.0,1.0,LED
samsung,64.0,1087.0,1.0,LED
samsung,64.0,426.0,5.0,LED
samsung,64.0,426.0,5.0,LED
samsung,64.0,426.0,5.0,LED
samsung,64.0,744.0,2.5,LED
samsung,64.0,744.0,2.5,LED
samsung,64.0,744.0,2.5,LED
samsung,64.0,430.0,5.0,LED
samsung,64.0,430.0,5.0,LED
samsung,64.0,543.0,4.0,LED
samsung,64.0,543.0,4.0,LED
samsung,64.0,744.0,2.5,LED
samsung,64.0,744.0,2.5,LED
samsung,64.0,426.0,5.0,LED
samsung,64.0,430.0,5.0,LED
samsung,64.0,430.0,5.0,LED
samsung,64.0,430.0,5.0,LED
samsung,64.0,806.0,2.5,LED
samsung,64.0,806.0,2.5,LED
samsung,64.0,806.0,2.5,LED
samsung,64.0,459.0,5.0,LED
samsung,64.0,459.0,5.0,LED
samsung,64.0,383.0,5.5,LED
samsung,64.0,430.0,5.0,LED
samsung,64.0,430.0,5.0,LED
samsung,65.0,390.0,5.5,LED
samsung,65.0,390.0,5.5,LED
samsung,65.0,390.0,5.5,LED
samsung,65.0,426.0,5.0,LED
samsung,65.0,426.0,5.0,LED
samsung,65.0,426.0,5.0,LED
samsung,65.0,426.0,5.0,LED
samsung,65.0,766.0,2.5,LED
samsung,65.0,766.0,2.5,LED
samsung,65.0,766.0,2.5,LED
samsung,65.0,554.0,4.0,LED
samsung,65.0,554.0,4.0,LED
samsung,65.0,554.0,4.0,LED
samsung,65.0,773.0,2.5,LED
samsung,65.0,773.0,2.5,LED
samsung,65.0,773.0,2.5,LED
samsung,65.0,1065.0,1.0,LED
samsung,65.0,1065.0,1.0,LED
samsung,65.0,1065.0,1.0,LED
samsung,65.0,1073.0,1.0,LED
samsung,65.0,1073.0,1.0,LED
samsung,65.0,1073.0,1.0,LED
samsung,65.0,426.0,5.0,LED
samsung,65.0,554.0,4.0,LED
samsung,65.0,426.0,5.0,LED
samsung,65.0,426.0,5.0,LED
samsung,65.0,426.0,5.0,LED
samsung,65.0,426.0,5.0,LED
samsung,65.0,426.0,5.0,LED
samsung,65.0,426.0,5.0,LED
samsung,65.0,416.0,5.5,LED
samsung,65.0,751.0,2.5,LED
samsung,65.0,751.0,2.5,LED
samsung,65.0,426.0,5.0,LED
samsung,65.0,437.0,5.0,LED
samsung,65.0,437.0,5.0,LED
samsung,65.0,437.0,5.0,LED
samsung,65.0,437.0,5.0,LED
samsung,65.0,551.0,4.0,LED
samsung,65.0,551.0,4.0,LED
samsung,65.0,551.0,4.0,LED
samsung,65.0,1120.0,1.0,LED
samsung,65.0,1120.0,1.0,LED
samsung,65.0,1120.0,1.0,LED
samsung,65.0,580.0,4.0,LED
samsung,65.0,580.0,4.0,LED
samsung,65.0,580.0,4.0,LED
samsung,65.0,580.0,4.0,LED
samsung,65.0,580.0,4.0,LED
samsung,65.0,580.0,4.0,LED
samsung,65.0,1135.0,1.0,LED
samsung,65.0,1135.0,1.0,LED
samsung,65.0,1135.0,1.0,LED
samsung,65.0,744.0,2.5,LED
samsung,65.0,744.0,2.5,LED
samsung,65.0,744.0,2.5,LED
samsung,65.0,781.0,2.5,LED
samsung,65.0,781.0,2.5,LED
samsung,65.0,781.0,2.5,LED
samsung,65.0,755.0,2.5,LED
samsung,65.0,755.0,2.5,LED
samsung,65.0,755.0,2.5,LED
samsung,65.0,897.0,2.0,LED
samsung,65.0,897.0,2.0,LED
samsung,65.0,897.0,2.0,LED
samsung,65.0,492.0,4.5,LED
samsung,65.0,492.0,4.5,LED
samsung,65.0,492.0,4.5,LED
samsung,65.0,492.0,4.5,LED
samsung,65.0,419.0,5.0,LED
samsung,65.0,430.0,5.0,LED
samsung,65.0,430.0,5.0,LED
samsung,65.0,430.0,5.0,LED
samsung,65.0,430.0,5.0,LED
samsung,65.0,430.0,5.0,LED
samsung,65.0,569.0,4.0,LED
samsung,65.0,569.0,4.0,LED
samsung,65.0,569.0,4.0,LED
samsung,65.0,437.0,5.0,LED
samsung,65.0,430.0,5.0,LED
samsung,65.0,394.0,5.5,LED
samsung,65.0,394.0,5.5,LED
samsung,65.0,394.0,5.5,LED
samsung,65.0,394.0,5.5,LED
samsung,65.0,569.0,4.0,LED
samsung,65.0,569.0,4.0,LED
samsung,65.0,569.0,4.0,LED
samsung,65.0,503.0,4.5,LED
samsung,65.0,503.0,4.5,LED
samsung,65.0,503.0,4.5,LED
samsung,65.0,452.0,5.0,LED
samsung,65.0,452.0,5.0,LED
samsung,65.0,452.0,5.0,LED
samsung,65.0,452.0,5.0,LED
samsung,65.0,963.0,1.5,LED
samsung,65.0,963.0,1.5,LED
samsung,65.0,963.0,1.5,LED
samsung,65.0,562.0,4.0,LED
samsung,65.0,562.0,4.0,LED
samsung,65.0,562.0,4.0,LED
samsung,65.0,532.0,4.0,LED
samsung,65.0,532.0,4.0,LED
samsung,65.0,532.0,4.0,LED
samsung,65.0,697.0,3.0,LED
samsung,65.0,569.0,4.0,LED
samsung,65.0,569.0,4.0,LED
samsung,65.0,569.0,4.0,LED
samsung,65.0,1025.0,1.0,LED
samsung,65.0,1025.0,1.0,LED
samsung,65.0,1025.0,1.0,LED
samsung,65.0,565.0,4.0,LED
samsung,65.0,565.0,4.0,LED
samsung,65.0,565.0,4.0,LED
samsung,65.0,569.0,4.0,LED
samsung,65.0,569.0,4.0,LED
samsung,65.0,569.0,4.0,LED
samsung,65.0,426.0,5.0,LED
samsung,65.0,426.0,5.0,LED
samsung,65.0,426.0,5.0,LED
samsung,65.0,412.0,5.5,LED
samsung,65.0,412.0,5.5,LED
samsung,65.0,412.0,5.5,LED
samsung,65.0,426.0,5.0,LED
samsung,65.0,426.0,5.0,LED
samsung,65.0,426.0,5.0,LED
samsung,65.0,463.0,5.0,LED
samsung,65.0,959.0,1.5,LED
samsung,65.0,959.0,1.5,LED
samsung,65.0,959.0,1.5,LED
samsung,65.0,492.0,4.5,LED
samsung,65.0,492.0,4.5,LED
samsung,65.0,492.0,4.5,LED
samsung,65.0,492.0,4.5,LED
samsung,65.0,492.0,4.5,LED
samsung,65.0,492.0,4.5,LED
samsung,65.0,317.0,6.0,LED
samsung,65.0,317.0,6.0,LED
samsung,65.0,317.0,6.0,LED
samsung,65.0,317.0,6.0,LED
samsung,65.0,317.0,6.0,LED
samsung,65.0,540.0,4.0,LED
samsung,65.0,540.0,4.0,LED
samsung,65.0,540.0,4.0,LED
samsung,65.0,536.0,4.0,LED
samsung,65.0,536.0,4.0,LED
samsung,65.0,536.0,4.0,LED
samsung,65.0,562.0,4.0,LED
samsung,65.0,562.0,4.0,LED
samsung,65.0,562.0,4.0,LED
samsung,65.0,521.0,4.0,LED
samsung,65.0,521.0,4.0,LED
samsung,65.0,521.0,4.0,LED
samsung,65.0,565.0,4.0,LED
samsung,65.0,565.0,4.0,LED
samsung,65.0,565.0,4.0,LED
samsung,65.0,952.0,1.5,LED
samsung,65.0,952.0,1.5,LED
samsung,65.0,952.0,1.5,LED
samsung,65.0,419.0,5.0,LED
samsung,65.0,478.0,4.5,LED
samsung,65.0,478.0,4.5,LED
samsung,65.0,478.0,4.5,LED
samsung,65.0,419.0,5.0,LED
samsung,65.0,419.0,5.0,LED
samsung,65.0,419.0,5.0,LED
samsung,65.0,419.0,5.0,LED
samsung,65.0,448.0,5.0,LED
samsung,65.0,448.0,5.0,LED
samsung,65.0,448.0,5.0,LED
samsung,65.0,448.0,5.0,LED
samsung,65.0,419.0,5.0,LED
samsung,65.0,463.0,5.0,LED
samsung,65.0,463.0,5.0,LED
samsung,65.0,463.0,5.0,LED
samsung,65.0,379.0,5.5,LED
samsung,65.0,379.0,5.5,LED
samsung,65.0,379.0,5.5,LED
samsung,65.0,952.0,1.5,LED
samsung,65.0,952.0,1.5,LED
samsung,65.0,952.0,1.5,LED
samsung,65.0,448.0,5.0,LED
samsung,65.0,448.0,5.0,LED
samsung,65.0,448.0,5.0,LED
samsung,67.0,507.0,4.5,LED
samsung,67.0,507.0,4.5,LED
samsung,67.0,507.0,4.5,LED
samsung,69.0,496.0,5.0,LED
samsung,69.0,496.0,5.0,LED
samsung,69.0,496.0,5.0,LED
samsung,70.0,492.0,5.0,LED
samsung,70.0,492.0,5.0,LED
samsung,70.0,492.0,5.0,LED
samsung,70.0,492.0,5.0,LED
samsung,75.0,1244.0,1.5,LED
samsung,75.0,1244.0,1.5,LED
samsung,75.0,1244.0,1.5,LED
samsung,75.0,686.0,4.0,LED
samsung,75.0,686.0,4.0,LED
samsung,75.0,1448.0,1.0,LED
samsung,75.0,1448.0,1.0,LED
samsung,75.0,1448.0,1.0,LED
samsung,75.0,1229.0,1.5,LED
samsung,75.0,1229.0,1.5,LED
samsung,75.0,1229.0,1.5,LED
samsung,75.0,605.0,5.0,LED
samsung,75.0,605.0,5.0,LED
samsung,75.0,605.0,5.0,LED
samsung,75.0,726.0,4.0,LED
samsung,75.0,726.0,4.0,LED
samsung,75.0,726.0,4.0,LED
samsung,75.0,525.0,5.5,LED
samsung,75.0,525.0,5.5,LED
samsung,75.0,525.0,5.5,LED
samsung,75.0,536.0,5.5,LED
samsung,75.0,536.0,5.5,LED
samsung,75.0,624.0,4.5,LED
samsung,75.0,624.0,4.5,LED
samsung,75.0,525.0,5.5,LED
samsung,75.0,569.0,5.0,LED
samsung,75.0,569.0,5.0,LED
samsung,75.0,569.0,5.0,LED
samsung,75.0,886.0,3.0,LED
samsung,75.0,886.0,3.0,LED
samsung,75.0,886.0,3.0,LED
samsung,75.0,715.0,4.0,LED
samsung,75.0,569.0,5.0,LED
samsung,75.0,569.0,5.0,LED
samsung,75.0,565.0,5.0,LED
samsung,75.0,868.0,3.0,LED
samsung,75.0,576.0,5.0,LED
samsung,75.0,576.0,5.0,LED
samsung,75.0,576.0,5.0,LED
samsung,75.0,613.0,4.5,LED
samsung,75.0,613.0,4.5,LED
samsung,75.0,613.0,4.5,LED
samsung,75.0,777.0,3.5,LED
samsung,75.0,777.0,3.5,LED
samsung,75.0,777.0,3.5,LED
samsung,75.0,635.0,4.5,LED
samsung,75.0,635.0,4.5,LED
samsung,75.0,635.0,4.5,LED
samsung,75.0,897.0,3.0,LED
samsung,75.0,897.0,3.0,LED
samsung,75.0,897.0,3.0,LED
samsung,75.0,1240.0,1.5,LED
samsung,75.0,1240.0,1.5,LED
samsung,75.0,1240.0,1.5,LED
samsung,75.0,715.0,4.0,LED
samsung,75.0,715.0,4.0,LED
samsung,75.0,715.0,4.0,LED
samsung,75.0,1445.0,1.0,LED
samsung,75.0,1445.0,1.0,LED
samsung,75.0,1445.0,1.0,LED
samsung,75.0,978.0,2.5,LED
samsung,75.0,978.0,2.5,LED
samsung,75.0,978.0,2.5,LED
samsung,75.0,1000.0,2.5,LED
samsung,75.0,1000.0,2.5,LED
samsung,75.0,1000.0,2.5,LED
samsung,75.0,576.0,5.0,LED
samsung,75.0,671.0,4.5,LED
samsung,75.0,671.0,4.5,LED
samsung,75.0,671.0,4.5,LED
samsung,75.0,671.0,4.5,LED
samsung,75.0,671.0,4.5,LED
samsung,75.0,576.0,5.0,LED
samsung,75.0,671.0,4.5,LED
samsung,75.0,682.0,4.5,LED
samsung,75.0,682.0,4.5,LED
samsung,75.0,682.0,4.5,LED
samsung,75.0,562.0,5.0,LED
samsung,75.0,562.0,5.0,LED
samsung,75.0,562.0,5.0,LED
samsung,75.0,580.0,5.0,LED
samsung,75.0,580.0,5.0,LED
samsung,75.0,580.0,5.0,LED
samsung,75.0,1069.0,2.5,LED
samsung,75.0,1069.0,2.5,LED
samsung,75.0,1069.0,2.5,LED
samsung,75.0,605.0,5.0,LED
samsung,75.0,605.0,5.0,LED
samsung,75.0,605.0,5.0,LED
samsung,75.0,744.0,4.0,LED
samsung,75.0,744.0,4.0,LED
samsung,75.0,744.0,4.0,LED
samsung,75.0,1244.0,1.5,LED
samsung,75.0,1244.0,1.5,LED
samsung,75.0,1244.0,1.5,LED
samsung,75.0,784.0,3.5,LED
samsung,75.0,711.0,4.0,LED
samsung,75.0,711.0,4.0,LED
samsung,75.0,711.0,4.0,LED
samsung,75.0,671.0,4.5,LED
samsung,75.0,671.0,4.5,LED
samsung,75.0,671.0,4.5,LED
samsung,75.0,671.0,4.5,LED
samsung,75.0,605.0,5.0,LED
samsung,75.0,510.0,5.5,LED
samsung,75.0,510.0,5.5,LED
samsung,75.0,510.0,5.5,LED
samsung,75.0,478.0,6.0,LED
samsung,75.0,478.0,6.0,LED
samsung,75.0,478.0,6.0,LED
samsung,75.0,510.0,5.5,LED
samsung,75.0,510.0,5.5,LED
samsung,75.0,510.0,5.5,LED
samsung,75.0,525.0,5.5,LED
samsung,75.0,576.0,5.0,LED
samsung,75.0,576.0,5.0,LED
samsung,75.0,576.0,5.0,LED
samsung,75.0,985.0,2.5,LED
samsung,75.0,985.0,2.5,LED
samsung,75.0,985.0,2.5,LED
samsung,75.0,412.0,6.0,LED
samsung,75.0,412.0,6.0,LED
samsung,75.0,412.0,6.0,LED
samsung,75.0,412.0,6.0,LED
samsung,75.0,412.0,6.0,LED
samsung,75.0,726.0,4.0,LED
samsung,75.0,726.0,4.0,LED
samsung,75.0,726.0,4.0,LED
samsung,75.0,576.0,5.0,LED
samsung,75.0,576.0,5.0,LED
samsung,75.0,576.0,5.0,LED
samsung,75.0,1047.0,2.5,LED
samsung,75.0,1047.0,2.5,LED
samsung,75.0,1047.0,2.5,LED
samsung,75.0,697.0,4.0,LED
samsung,75.0,697.0,4.0,LED
samsung,75.0,697.0,4.0,LED
samsung,75.0,529.0,5.5,LED
samsung,75.0,529.0,5.5,LED
samsung,75.0,529.0,5.5,LED
samsung,75.0,653.0,4.5,LED
samsung,75.0,653.0,4.5,LED
samsung,75.0,653.0,4.5,LED
samsung,75.0,456.0,6.0,LED
samsung,75.0,456.0,6.0,LED
samsung,75.0,456.0,6.0,LED
samsung,75.0,503.0,5.5,LED
samsung,75.0,503.0,5.5,LED
samsung,75.0,503.0,5.5,LED
samsung,75.0,503.0,5.5,LED
samsung,75.0,503.0,5.5,LED
samsung,75.0,598.0,5.0,LED
samsung,75.0,598.0,5.0,LED
samsung,75.0,598.0,5.0,LED
samsung,75.0,598.0,5.0,LED
samsung,75.0,503.0,5.5,LED
samsung,75.0,1178.0,2.0,LED
samsung,75.0,1178.0,2.0,LED
samsung,75.0,1178.0,2.0,LED
samsung,75.0,598.0,5.0,LED
samsung,75.0,565.0,5.0,LED
samsung,75.0,565.0,5.0,LED
samsung,75.0,565.0,5.0,LED
samsung,75.0,565.0,5.0,LED
samsung,75.0,682.0,4.5,LED
samsung,75.0,682.0,4.5,LED
samsung,75.0,682.0,4.5,LED
samsung,75.0,532.0,5.5,LED
samsung,75.0,656.0,4.5,LED
samsung,75.0,656.0,4.5,LED
samsung,75.0,656.0,4.5,LED
samsung,75.0,941.0,3.0,LED
samsung,75.0,941.0,3.0,LED
samsung,75.0,941.0,3.0,LED
samsung,75.0,912.0,3.0,LED
samsung,75.0,912.0,3.0,LED
samsung,75.0,912.0,3.0,LED
samsung,75.0,1164.0,2.0,LED
samsung,75.0,1164.0,2.0,LED
samsung,75.0,1164.0,2.0,LED
samsung,75.0,1189.0,2.0,LED
samsung,75.0,1189.0,2.0,LED
samsung,75.0,1189.0,2.0,LED
samsung,75.0,565.0,5.0,LED
samsung,75.0,645.0,4.5,LED
samsung,75.0,565.0,5.0,LED
samsung,77.0,642.0,5.0,LED
samsung,77.0,806.0,4.0,LED
samsung,77.0,806.0,4.0,LED
samsung,77.0,806.0,4.0,LED
samsung,77.0,653.0,4.5,LED
samsung,77.0,653.0,4.5,LED
samsung,77.0,653.0,4.5,LED
samsung,77.0,653.0,4.5,LED
samsung,77.0,791.0,4.0,LED
samsung,77.0,791.0,4.0,LED
samsung,77.0,791.0,4.0,LED
samsung,82.0,671.0,5.0,LED
samsung,82.0,671.0,5.0,LED
samsung,82.0,671.0,5.0,LED
samsung,82.0,1226.0,2.5,LED
samsung,82.0,1226.0,2.5,LED
samsung,82.0,1226.0,2.5,LED
samsung,83.0,704.0,5.0,LED
samsung,83.0,704.0,5.0,LED
samsung,83.0,704.0,5.0,LED
samsung,83.0,704.0,5.0,LED
samsung,83.0,795.0,4.5,LED
samsung,85.0,700.0,5.0,LED
samsung,85.0,700.0,5.0,LED
samsung,85.0,700.0,5.0,LED
samsung,85.0,941.0,4.0,LED
samsung,85.0,941.0,4.0,LED
samsung,85.0,941.0,4.0,LED
samsung,85.0,598.0,6.0,LED
samsung,85.0,598.0,6.0,LED
samsung,85.0,598.0,6.0,LED
samsung,85.0,1339.0,2.5,LED
samsung,85.0,1339.0,2.5,LED
samsung,85.0,1339.0,2.5,LED
samsung,85.0,725.0,5.0,LED
samsung,85.0,725.0,5.0,LED
samsung,85.0,645.0,5.5,LED
samsung,85.0,645.0,5.5,LED
samsung,85.0,806.0,4.5,LED
samsung,85.0,806.0,4.5,LED
samsung,85.0,729.0,5.0,LED
samsung,85.0,729.0,5.0,LED
samsung,85.0,729.0,5.0,LED
samsung,85.0,1609.0,1.5,LED
samsung,85.0,1609.0,1.5,LED
samsung,85.0,1609.0,1.5,LED
samsung,85.0,1448.0,2.0,LED
samsung,85.0,1448.0,2.0,LED
samsung,85.0,1448.0,2.0,LED
samsung,85.0,704.0,5.0,LED
samsung,85.0,704.0,5.0,LED
samsung,85.0,704.0,5.0,LED
samsung,85.0,945.0,4.0,LED
samsung,85.0,945.0,4.0,LED
samsung,85.0,945.0,4.0,LED
samsung,85.0,824.0,4.5,LED
samsung,85.0,824.0,4.5,LED
samsung,85.0,645.0,5.5,LED
samsung,85.0,645.0,5.5,LED
samsung,85.0,740.0,5.0,LED
samsung,85.0,740.0,5.0,LED
samsung,85.0,740.0,5.0,LED
samsung,85.0,653.0,5.5,LED
samsung,85.0,653.0,5.5,LED
samsung,85.0,653.0,5.5,LED
samsung,85.0,817.0,4.5,LED
samsung,85.0,817.0,4.5,LED
samsung,85.0,817.0,4.5,LED
samsung,85.0,1423.0,2.0,LED
samsung,85.0,1423.0,2.0,LED
samsung,85.0,1423.0,2.0,LED
samsung,85.0,1113.0,3.0,LED
samsung,85.0,1113.0,3.0,LED
samsung,85.0,1113.0,3.0,LED
samsung,85.0,916.0,4.0,LED
samsung,85.0,916.0,4.0,LED
samsung,85.0,916.0,4.0,LED
samsung,85.0,1605.0,1.5,LED
samsung,85.0,1605.0,1.5,LED
samsung,85.0,1605.0,1.5,LED
samsung,85.0,715.0,5.0,LED
samsung,85.0,715.0,5.0,LED
samsung,85.0,715.0,5.0,LED
samsung,85.0,1233.0,2.5,LED
samsung,85.0,1233.0,2.5,LED
samsung,85.0,1233.0,2.5,LED
samsung,85.0,635.0,5.5,LED
samsung,85.0,635.0,5.5,LED
samsung,85.0,635.0,5.5,LED
samsung,85.0,897.0,4.0,LED
samsung,85.0,897.0,4.0,LED
samsung,85.0,897.0,4.0,LED
samsung,85.0,755.0,5.0,LED
samsung,85.0,755.0,5.0,LED
samsung,85.0,755.0,5.0,LED
samsung,85.0,791.0,4.5,LED
samsung,85.0,791.0,4.5,LED
samsung,85.0,791.0,4.5,LED
samsung,85.0,948.0,4.0,LED
samsung,85.0,948.0,4.0,LED
samsung,85.0,948.0,4.0,LED
samsung,85.0,1365.0,2.0,LED
samsung,85.0,1365.0,2.0,LED
samsung,85.0,1365.0,2.0,LED
samsung,85.0,1109.0,3.0,LED
samsung,85.0,1109.0,3.0,LED
samsung,85.0,1109.0,3.0,LED
samsung,85.0,905.0,4.0,LED
samsung,85.0,905.0,4.0,LED
samsung,85.0,905.0,4.0,LED
samsung,85.0,726.0,5.0,LED
samsung,85.0,726.0,5.0,LED
samsung,85.0,726.0,5.0,LED
samsung,85.0,532.0,6.0,LED
samsung,85.0,532.0,6.0,LED
samsung,85.0,532.0,6.0,LED
samsung,85.0,532.0,6.0,LED
samsung,85.0,773.0,5.0,LED
samsung,85.0,773.0,5.0,LED
samsung,85.0,773.0,5.0,LED
samsung,85.0,521.0,6.0,LED
samsung,85.0,521.0,6.0,LED
samsung,85.0,521.0,6.0,LED
samsung,85.0,521.0,6.0,LED
samsung,85.0,521.0,6.0,LED
samsung,85.0,1076.0,3.5,LED
samsung,85.0,1076.0,3.5,LED
samsung,85.0,1076.0,3.5,LED
samsung,85.0,715.0,5.0,LED
samsung,85.0,715.0,5.0,LED
samsung,85.0,715.0,5.0,LED
samsung,85.0,733.0,5.0,LED
samsung,85.0,733.0,5.0,LED
samsung,85.0,733.0,5.0,LED
samsung,85.0,945.0,4.0,LED
samsung,85.0,945.0,4.0,LED
samsung,85.0,945.0,4.0,LED
samsung,85.0,806.0,4.5,LED
samsung,85.0,806.0,4.5,LED
samsung,85.0,806.0,4.5,LED
samsung,85.0,704.0,5.0,LED
samsung,85.0,704.0,5.0,LED
samsung,85.0,704.0,5.0,LED
samsung,85.0,788.0,4.5,LED
samsung,85.0,788.0,4.5,LED
samsung,85.0,788.0,4.5,LED
samsung,85.0,631.0,5.5,LED
samsung,85.0,525.0,6.0,LED
samsung,85.0,1237.0,2.5,LED
samsung,85.0,1237.0,2.5,LED
samsung,85.0,1237.0,2.5,LED
samsung,85.0,525.0,6.0,LED
samsung,85.0,525.0,6.0,LED
samsung,85.0,525.0,6.0,LED
samsung,85.0,525.0,6.0,LED
samsung,85.0,525.0,6.0,LED
samsung,85.0,715.0,5.0,LED
samsung,98.0,1423.0,3.5,LED
samsung,98.0,1215.0,4.0,LED
samsung,98.0,1215.0,4.0,LED
samsung,98.0,1215.0,4.0,LED
samsung,98.0,1127.0,4.5,LED
samsung,98.0,1127.0,4.5,LED
samsung,98.0,937.0,5.0,LED
samsung,98.0,937.0,5.0,LED
samsung,98.0,937.0,5.0,LED
samsung,98.0,1602.0,3.0,LED
samsung,98.0,1602.0,3.0,LED
samsung,98.0,1602.0,3.0,LED
samsung,98.0,1058.0,4.5,LED
samsung,98.0,1058.0,4.5,LED
samsung,98.0,1058.0,4.5,LED
seiki,65.0,496.0,4.5,LED
sharetv,21.0,106.0,3.0,LCD
sharp,32.0,125.0,5.0,LED
sharp,32.0,110.0,5.5,LED
sharp,42.0,177.0,5.5,LED
sharp,42.0,197.0,5.0,LED
sharp,49.0,312.0,4.5,LED
sharp,60.0,474.0,4.0,LED
sharp,60.0,504.0,4.0,LED
sharp,70.0,457.0,5.5,LED
sharp,70.0,653.0,4.0,LED
sharp,70.0,580.0,4.5,LED
"shenzhen xinchaoda technology co., ltd",55.0,381.0,4.5,LED
"shenzhen xinchaoda technology co., ltd",55.0,362.0,4.5,LED
"shenzhen xinchaoda technology co., ltd",65.0,369.0,6.0,LED
"shenzhen xinchaoda technology co., ltd",65.0,402.0,5.5,LED
signify,55.0,378.0,4.5,LED
skyworth,55.0,303.0,5.5,LED
skyworth,55.0,303.0,5.5,LED
skyworth,55.0,303.0,5.5,LED
skyworth,86.0,893.0,4.5,LED
skyworth,86.0,893.0,4.5,LED
skyworth,86.0,893.0,4.5,LED
skyworth,86.0,893.0,4.5,LED
skyworth,86.0,893.0,4.5,LED
smarttech,31.0,110.0,5.5,LED
smarttech,39.0,151.0,6.0,LED
smarttech,50.0,210.0,6.0,LED
smarttech,55.0,247.0,6.0,LED
smarttech,65.0,386.0,5.5,LED
smtv,42.0,188.0,5.5,LED
smtv,50.0,280.0,5.0,LED
smtv,55.0,347.0,4.5,LED
smtv,55.0,347.0,4.5,LED
smtv,64.0,400.0,5.5,LED
smtv,64.0,400.0,5.5,LED
soniq,24.0,86.0,5.0,LED
soniq,42.0,178.0,5.5,LCD
soniq,42.0,193.0,5.0,LED
soniq,50.0,311.0,4.5,LCD
soniq,55.0,476.0,3.5,LCD
soniq,57.0,337.0,5.0,LCD
soniq,65.0,340.0,6.0,LCD
soniq,65.0,490.0,4.5,LCD
soniq,65.0,619.0,3.5,LCD
soniq,66.0,391.0,6.0,LCD
soniq,75.0,855.0,3.5,LCD
sony,32.0,109.0,5.5,LED
sony,32.0,132.0,4.5,LED
sony,42.0,256.0,4.0,OLED
sony,42.0,243.0,4.0,LED
sony,42.0,293.0,3.5,LED
sony,42.0,261.0,4.0,LED
sony,42.0,286.0,3.5,LED
sony,42.0,288.0,3.5,LED
sony,42.0,236.0,4.5,LED
sony,48.0,315.0,4.0,OLED
sony,49.0,421.0,3.0,LED
sony,49.0,312.0,4.5,LED
sony,49.0,347.0,4.0,LED
sony,49.0,348.0,4.0,LED
sony,49.0,310.0,4.5,LED
sony,55.0,429.0,3.5,LED
sony,55.0,475.0,3.5,LED
sony,55.0,454.0,3.5,LED
sony,55.0,487.0,3.0,LED
sony,55.0,440.0,3.5,LED
sony,55.0,376.0,4.5,LED
sony,55.0,467.0,3.5,LED
sony,55.0,471.0,3.5,LED
sony,55.0,504.0,3.0,LED
sony,55.0,467.0,3.5,LED
sony,55.0,450.0,3.5,LED
sony,55.0,396.0,4.0,LED
sony,55.0,477.0,3.5,LED
sony,55.0,547.0,2.5,LED
sony,55.0,440.0,3.5,LED
sony,55.0,489.0,3.0,OLED
sony,55.0,387.0,4.0,OLED
sony,55.0,387.0,4.0,OLED
sony,55.0,385.0,4.0,OLED
sony,55.0,372.0,4.5,OLED
sony,65.0,642.0,3.5,LCD
sony,65.0,543.0,4.0,LED
sony,65.0,514.0,4.5,LED
sony,65.0,553.0,4.0,LED
sony,65.0,590.0,3.5,LED
sony,65.0,544.0,4.0,LED
sony,65.0,478.0,4.5,LED
sony,65.0,544.0,4.0,LED
sony,65.0,555.0,4.0,LED
sony,65.0,835.0,2.0,LED
sony,65.0,661.0,3.0,LED
sony,65.0,544.0,4.0,LED
sony,65.0,535.0,4.0,LED
sony,65.0,533.0,4.0,LED
sony,65.0,530.0,4.0,LED
sony,65.0,793.0,2.5,LED
sony,65.0,634.0,3.5,LED
sony,65.0,517.0,4.5,LED
sony,65.0,451.0,5.0,OLED
sony,65.0,507.0,4.5,OLED
sony,65.0,451.0,5.0,OLED
sony,65.0,452.0,5.0,OLED
sony,65.0,437.0,5.0,OLED
sony,65.0,527.0,4.0,LED
sony,65.0,597.0,3.5,OLED
sony,75.0,763.0,4.0,LCD
sony,75.0,672.0,4.5,LED
sony,75.0,717.0,4.0,LED
sony,75.0,715.0,4.0,LED
sony,75.0,704.0,4.0,LED
sony,75.0,732.0,4.0,LED
sony,75.0,894.0,3.0,LED
sony,75.0,826.0,3.5,LED
sony,75.0,692.0,4.0,LED
sony,75.0,589.0,5.0,LED
sony,75.0,789.0,3.5,LED
sony,75.0,667.0,4.5,LED
sony,75.0,894.0,3.0,LED
sony,75.0,737.0,4.0,LED
sony,75.0,660.0,4.5,LED
sony,75.0,878.0,3.0,LED
sony,77.0,693.0,4.5,LED
sony,77.0,629.0,5.0,OLED
sony,77.0,629.0,5.0,OLED
sony,77.0,562.0,5.5,OLED
sony,77.0,546.0,5.5,OLED
sony,83.0,765.0,4.5,OLED
sony,85.0,818.0,4.5,LCD
sony,85.0,828.0,4.5,LED
sony,85.0,1520.0,2.0,LED
sony,85.0,882.0,4.0,LED
sony,85.0,869.0,4.5,LED
sony,85.0,1076.0,3.5,LED
sony,85.0,875.0,4.0,LED
sony,85.0,878.0,4.0,LED
sony,85.0,1034.0,3.5,LED
sony,85.0,744.0,5.0,LED
sony,85.0,838.0,4.5,LED
sony,85.0,845.0,4.5,LED
sony,85.0,1002.0,3.5,LED
sony,98.0,944.0,5.0,LED
sphere,19.0,67.0,4.5,LED
sphere,19.0,67.0,4.5,LED
sphere,22.0,93.0,4.0,LED
sphere,22.0,93.0,4.0,LED
sphere,22.0,93.0,4.0,LED
sphere,24.0,100.0,4.0,LED
sphere,24.0,100.0,4.0,LED
sphere,24.0,74.0,5.5,LED
sphere,24.0,74.0,5.5,LED
sphere,24.0,74.0,5.5,LED
sphere,27.0,92.0,5.5,LED
sphere,27.0,92.0,5.5,LED
sphere,27.0,92.0,5.5,LED
stan cash,18.0,60.0,5.0,LED
starvision,32.0,101.0,6.0,LED
starvision,39.0,175.0,5.0,LED
svision,32.0,151.0,4.0,LED
svision,43.0,159.0,6.0,LED
svision,50.0,315.0,4.5,LCD
svision,50.0,288.0,4.5,LED
svision,58.0,420.0,4.5,LED
svision,64.0,520.0,4.5,LED
sylvox,16.0,58.0,4.5,LED
sylvox,16.0,58.0,4.5,LED
sylvox,16.0,56.0,4.5,LED
sylvox,21.0,68.0,5.0,LED
sylvox,24.0,79.0,5.0,LED
sylvox,24.0,65.0,6.0,LED
sylvox,24.0,65.0,6.0,LED
sylvox,24.0,65.0,6.0,LED
sylvox,24.0,65.0,6.0,LED
sylvox,24.0,65.0,6.0,LED
sylvox,24.0,65.0,6.0,LED
sylvox,24.0,65.0,6.0,LED
sylvox,24.0,65.0,6.0,LED
sylvox,24.0,65.0,6.0,LED
sylvox,24.0,65.0,6.0,LED
sylvox,24.0,65.0,6.0,LED
sylvox,27.0,59.0,7.0,LCD
sylvox,32.0,118.0,5.0,LED
sylvox,32.0,101.0,6.0,LED
sylvox,32.0,101.0,6.0,LED
sylvox,32.0,101.0,6.0,LED
sylvox,32.0,101.0,6.0,LED
sylvox,32.0,101.0,6.0,LED
sylvox,32.0,101.0,6.0,LED
sylvox,32.0,101.0,6.0,LED
sylvox,32.0,101.0,6.0,LED
sylvox,32.0,101.0,6.0,LED
sylvox,32.0,101.0,6.0,LED
sylvox,32.0,101.0,6.0,LED
sylvox,40.0,92.0,8.0,LCD
sylvox,43.0,397.0,2.0,LED
sylvox,55.0,651.0,2.0,LED
sylvox,65.0,902.0,2.0,LED
sylvox,75.0,1122.0,2.0,LED
tavice,65.0,477.0,4.5,LCD
tcl,31.0,110.0,5.5,LED
tcl,39.0,180.0,5.0,LED
tcl,42.0,180.0,5.5,LED
tcl,42.0,180.0,5.5,LED
tcl,42.0,190.0,5.5,LED
tcl,42.0,323.0,3.0,LED
tcl,42.0,200.0,5.0,LED
tcl,42.0,218.0,4.5,LED
tcl,42.0,220.0,4.5,LED
tcl,42.0,200.0,5.0,LED
tcl,42.0,240.0,4.5,LED
tcl,49.0,190.0,6.0,LED
tcl,49.0,225.0,6.0,LED
tcl,49.0,212.0,6.0,LED
tcl,49.0,307.0,4.5,LED
tcl,49.0,277.0,5.0,LED
tcl,49.0,212.0,6.0,LED
tcl,49.0,390.0,3.5,LED
tcl,49.0,300.0,4.5,LED
tcl,49.0,390.0,3.5,LED
tcl,55.0,333.0,5.0,LED
tcl,55.0,262.0,6.0,LED
tcl,55.0,527.0,3.0,LED
tcl,55.0,537.0,2.5,LED
tcl,55.0,225.0,6.0,LED
tcl,55.0,320.0,5.0,LED
tcl,55.0,320.0,5.0,LED
tcl,55.0,587.0,2.5,LED
tcl,55.0,190.0,7.0,LED
tcl,55.0,476.0,3.5,LED
tcl,55.0,532.0,3.0,LED
tcl,55.0,225.0,6.0,LED
tcl,55.0,395.0,4.0,LED
tcl,55.0,367.0,4.5,LED
tcl,55.0,381.0,4.5,LED
tcl,55.0,372.0,4.5,LED
tcl,57.0,251.0,6.0,LED
tcl,64.0,300.0,6.0,LED
tcl,64.0,690.0,3.0,LED
tcl,64.0,593.0,3.5,LED
tcl,64.0,898.0,2.0,LED
tcl,64.0,315.0,6.0,LED
tcl,64.0,410.0,5.5,LED
tcl,64.0,440.0,5.0,LED
tcl,64.0,726.0,3.0,LED
tcl,64.0,689.0,3.0,LED
tcl,64.0,220.0,8.0,LED
tcl,64.0,520.0,4.5,LED
tcl,64.0,812.0,2.5,LED
tcl,64.0,315.0,6.0,LED
tcl,64.0,440.0,5.0,LED
tcl,64.0,716.0,3.0,LED
tcl,64.0,440.0,5.0,LED
tcl,64.0,425.0,5.0,LED
tcl,75.0,830.0,3.5,LED
tcl,75.0,730.0,4.0,LED
tcl,75.0,1118.0,2.0,LED
tcl,75.0,459.0,6.0,LED
tcl,75.0,527.0,5.5,LED
tcl,75.0,665.0,4.5,LED
tcl,75.0,1130.0,2.0,LED
tcl,75.0,810.0,3.5,LED
tcl,75.0,732.0,4.0,LED
tcl,75.0,1010.0,2.5,LED
tcl,75.0,956.0,3.0,LED
tcl,75.0,459.0,6.0,LED
tcl,75.0,515.0,5.5,LED
tcl,75.0,925.0,3.0,LED
tcl,75.0,550.0,5.0,LED
tcl,75.0,500.0,5.5,LED
tcl,85.0,962.0,4.0,LED
tcl,85.0,1345.0,2.5,LED
tcl,85.0,728.0,5.0,LED
tcl,85.0,941.0,4.0,LED
tcl,85.0,1170.0,3.0,LED
tcl,85.0,623.0,6.0,LED
tcl,85.0,1300.0,2.5,LED
tcl,85.0,732.0,5.0,LED
tcl,85.0,1645.0,1.5,LED
tcl,85.0,940.0,4.0,LED
tcl,85.0,660.0,5.5,LED
tcl,85.0,750.0,5.0,LED
tcl,85.0,840.0,4.5,LED
tcl,85.0,600.0,6.0,LED
tcl,97.0,1350.0,3.5,LED
tcl,97.0,1771.0,2.5,LED
tcl,97.0,890.0,5.5,LED
tcl,97.0,853.0,5.5,LED
tcl,97.0,890.0,5.5,LED
tcl,97.0,909.0,5.5,LED
tcl,114.0,2652.0,2.0,LED
teac,19.0,60.0,5.0,LCD
teac,19.0,60.0,5.0,LCD
teac,24.0,83.0,5.0,LED
teac,24.0,85.0,5.0,LCD
teac,31.0,110.0,5.5,LED
teac,32.0,101.0,6.0,LED
teac,32.0,124.0,5.0,LED
teac,32.0,124.0,5.0,LED
teac,32.0,124.0,5.0,LED
teac,32.0,124.0,5.0,LED
teac,32.0,127.0,5.0,LCD
teac,32.0,127.0,5.0,LCD
teac,40.0,188.0,5.0,LCD
teac,49.0,275.0,5.0,LCD
teac,50.0,210.0,6.0,LED
teac,55.0,247.0,6.0,LED
teac,58.0,365.0,5.0,LCD
teac,65.0,386.0,5.5,LED
teac,65.0,450.0,5.0,LCD
teac,70.0,560.0,4.5,LED
teac,75.0,750.0,4.0,LED
teac,75.0,595.0,5.0,LCD
teac,75.0,595.0,5.0,LCD
teac,82.0,720.0,5.0,LCD
teac,82.0,720.0,5.0,LCD
teco,19.0,75.0,4.0,LED
teco,19.0,75.0,4.0,LED
teco,22.0,76.0,4.5,LED
teco,24.0,67.0,6.0,LED
teco,24.0,70.0,5.5,LED
teco,31.0,140.0,4.5,LED
teco,32.0,140.0,4.5,LED
teco,32.0,105.0,6.0,LED
teco,42.0,214.0,5.0,LED
teco,57.0,349.0,5.0,LED
teco,64.0,404.0,5.5,LED
teco,70.0,532.0,5.0,LED
telefunken,24.0,107.0,4.0,LCD
telefunken,32.0,131.0,5.0,LED
telefunken,55.0,379.0,4.5,LED
thomson,40.0,184.0,5.0,LED
thomson,42.0,194.0,5.5,LED
thomson,43.0,149.0,6.0,LED
thomson,43.0,162.0,6.0,LED
thomson,43.0,215.0,5.0,LED
toshiba,32.0,97.0,6.0,LED
toshiba,43.0,242.0,4.5,LED
toshiba,43.0,137.0,7.0,LED
toshiba,43.0,269.0,4.0,LED
toshiba,43.0,214.0,5.0,LED
toshiba,43.0,214.0,5.0,LED
toshiba,50.0,280.0,5.0,LED
toshiba,50.0,269.0,5.0,LED
toshiba,50.0,269.0,5.0,LED
toshiba,50.0,254.0,5.5,LED
toshiba,55.0,339.0,5.0,LED
toshiba,55.0,426.0,4.0,LED
toshiba,55.0,269.0,6.0,LED
toshiba,55.0,269.0,6.0,LED
toshiba,55.0,459.0,3.5,LED
toshiba,55.0,341.0,5.0,LED
toshiba,55.0,269.0,6.0,LED
toshiba,55.0,426.0,4.0,LED
toshiba,64.0,369.0,6.0,LED
toshiba,65.0,453.0,5.0,LED
toshiba,65.0,520.0,4.5,LED
toshiba,65.0,333.0,6.0,LED
toshiba,65.0,333.0,6.0,LED
toshiba,65.0,520.0,4.5,LED
toshiba,65.0,465.0,5.0,LED
toshiba,65.0,639.0,3.5,LED
toshiba,75.0,547.0,5.5,LED
toshiba,75.0,489.0,6.0,LED
toshiba,75.0,489.0,6.0,LED
toshiba,75.0,764.0,4.0,LED
toshiba,75.0,575.0,5.0,LED
toshiba,75.0,389.0,7.0,LED
toshiba,75.0,683.0,4.5,LED
toshiba,85.0,975.0,4.0,LED
toshiba,85.0,599.0,6.0,LED
toshiba,85.0,969.0,4.0,LED
toshiba,100.0,1070.0,5.0,LED
vdt,22.0,78.0,4.5,LED
veon,40.0,175.0,5.0,LED
veon,58.0,450.0,4.0,LED
viano,24.0,76.0,5.5,LED
viano,49.0,352.0,4.0,LED
walton,32.0,115.0,5.5,LED
walton,32.0,115.0,5.5,LED
walton,32.0,115.0,5.5,LED
walton,32.0,115.0,5.5,LED
walton,32.0,115.0,5.5,LED
walton,32.0,115.0,5.5,LED
walton,32.0,115.0,5.5,LED
walton,40.0,135.0,6.0,LED
walton,40.0,135.0,6.0,LED
walton,40.0,135.0,6.0,LED
walton,40.0,135.0,6.0,LED
walton,40.0,135.0,6.0,LED
walton,40.0,135.0,6.0,LED
walton,40.0,135.0,6.0,LED
walton,43.0,138.0,7.0,LED
walton,43.0,138.0,7.0,LED
walton,43.0,138.0,7.0,LED
walton,43.0,138.0,7.0,LED
walton,43.0,138.0,7.0,LED
walton,43.0,138.0,7.0,LED
walton,43.0,138.0,7.0,LED
walton,43.0,140.0,7.0,LED
walton,43.0,140.0,7.0,LED
walton,43.0,140.0,7.0,LED
yokohama,24.0,76.0,5.5,LED
yokohama,24.0,92.0,4.5,LCD
yokohama,55.0,278.0,5.5,LCD
yokohama,65.0,542.0,4.0,LCD
